datetime,open,high,low,close
1577836800000,7160.69,7167.45,7150,7150
1577840400000,7150.65,7202.52,7150,7197.17
1577844000000,7197.04,7221.46,7189.09,7221.34
1577847600000,7216.66,7218.02,7192.83,7198
1577851200000,7195.94,7204.36,7187.02,7188.62
1577854800000,7190.87,7203.55,7188.95,7194.51
1577858400000,7200.03,7208.04,7194.51,7204.71
1577862000000,7204.71,7210.24,7174.57,7187.29
1577865600000,7181.17,7185.37,7153.76,7175.7
1577869200000,7177.22,7186.69,7164.28,7164.28
1577872800000,7164.17,7191.7,7164.17,7179.84
1577876400000,7178.04,7222.84,7168.2,7180.94
1577880000000,7178.03,7209.01,7173.43,7200.93
1577883600000,7202.73,7214.06,7194.15,7202.36
1577887200000,7197.13,7217.76,7185.38,7195.79
1577890800000,7204.19,7237.35,7196.34,7212.5
1577894400000,7216.82,7229.8,7193.66,7224.31
1577898000000,7224.31,7231.81,7205.02,7216.06
1577901600000,7220,7228.68,7205.13,7225.58
1577905200000,7220,7222.75,7200.55,7212.38
1577908800000,7206.53,7224.08,7202.12,7212.81
1577912400000,7219.12,7224.75,7203.67,7212.54
1577916000000,7217.84,7217.84,7161.25,7170.44
1577919600000,7170.44,7183.94,7151.96,7178.68
1577923200000,7174.7,7184.94,7163.01,7184.86
1577926800000,7178.9,7184.86,7158.1,7163.27
1577930400000,7163.27,7166.01,7125,7142.87
1577934000000,7142.87,7142.87,7092.7,7103.23
1577937600000,7095.82,7133.34,7080,7113.65
1577941200000,7109.12,7128.29,7100,7111.71
1577944800000,7109.28,7118.45,7093.46,7099.52
1577948400000,7104.03,7108.91,7069.18,7075.6
1577952000000,7073.06,7129.11,7073.06,7127.58
1577955600000,7121.26,7137.63,7106.21,7136.95
1577959200000,7132.07,7156.31,7130.01,7135.62
1577962800000,7134.79,7144.92,7117.73,7117.73
1577966400000,7117.73,7142.31,7115.17,7135
1577970000000,7139.47,7140.21,7081.4,7112.48
1577973600000,7112.48,7139.95,7098.97,7120.49
1577977200000,7120.12,7131.75,7096,7112.22
1577980800000,7112.22,7125,7011,7024.58
1577984400000,7025,7025.85,6900,6944.6
1577988000000,6948.99,6970.11,6924.05,6953.17
1577991600000,6956.64,6998.87,6938.24,6966.77
1577995200000,6966.77,6969.36,6922.06,6926.12
1577998800000,6927.18,7000,6924.14,6955.81
1578002400000,6954.92,6960.57,6944.29,6952.54
1578006000000,6959.11,6959.95,6935.85,6950.56
1578009600000,6945.7,6950.89,6901,6924.61
1578013200000,6924.61,6932.48,6860.46,6871.93
1578016800000,6865.88,6946.64,6853.53,6939.8
1578020400000,6941.86,6951.29,6924,6933.4
1578024000000,6942.82,7265.98,6934.1,7196.87
1578027600000,7197.79,7229.78,7151.15,7202.63
1578031200000,7201.48,7209.01,7178.81,7188.08
1578034800000,7188.06,7225,7176.07,7192.68
1578038400000,7189.77,7287.07,7189.77,7246.26
1578042000000,7255.53,7347.51,7244.08,7333.15
1578045600000,7338.82,7369.99,7271.4,7302.19
1578049200000,7302.35,7339.08,7293.74,7333.22
1578052800000,7333.42,7343.27,7293.02,7311.57
1578056400000,7315,7370,7306.21,7344.03
1578060000000,7344.03,7349.19,7224.67,7243.02
1578063600000,7251.63,7317.14,7243.85,7312.54
1578067200000,7317.35,7401,7286.77,7389.02
1578070800000,7389.78,7402.31,7329.32,7355.87
1578074400000,7359.02,7364.89,7326.71,7339.97
1578078000000,7339.97,7345.11,7272.54,7329.95
1578081600000,7332.6,7352.68,7296.79,7311.29
1578085200000,7311.29,7328.14,7258.16,7261.53
1578088800000,7272.64,7314.19,7247.73,7291.97
1578092400000,7292.54,7338.91,7284.93,7338.91
1578096000000,7332.58,7343.1,7280.41,7306.91
1578099600000,7294.07,7307.04,7274.91,7303.17
1578103200000,7298.14,7322,7285.78,7317
1578106800000,7316.32,7335.68,7308.63,7331.84
1578110400000,7331.72,7334.35,7302.05,7325.04
1578114000000,7325.04,7360,7320,7332.8
1578117600000,7332.32,7360.41,7329.92,7346.94
1578121200000,7352.07,7359.7,7320,7337.77
1578124800000,7338.38,7357.5,7324.94,7344.72
1578128400000,7339.8,7360.84,7332.16,7355
1578132000000,7355,7361.62,7295.25,7306.16
1578135600000,7311.09,7330.73,7289.55,7320.14
1578139200000,7326.07,7331.05,7289.5,7299.3
1578142800000,7298.12,7312.7,7275.47,7284.47
1578146400000,7284.7,7308.99,7280,7303.1
1578150000000,7303.6,7318.66,7287.3,7305.59
1578153600000,7308.49,7312.55,7287,7292.86
1578157200000,7300.38,7344.71,7293.85,7344.71
1578160800000,7345.21,7396.1,7256.03,7291.27
1578164400000,7294,7338.91,7269.71,7314.67
1578168000000,7318.7,7338.94,7296.72,7325.61
1578171600000,7325.86,7356.13,7319.55,7339.5
1578175200000,7345.15,7357.26,7332.82,7348.54
1578178800000,7339.31,7354.63,7323.27,7344.48
1578182400000,7356.05,7387.23,7352.91,7363.52
1578186000000,7369.33,7472.31,7369.33,7448.1
1578189600000,7463.03,7481.19,7427.41,7444.49
1578193200000,7441.07,7477.91,7437.96,7474.52
1578196800000,7476.48,7495,7439.83,7452.73
1578200400000,7453.93,7465.01,7440.82,7459.56
1578204000000,7454.05,7477.98,7440.58,7459.82
1578207600000,7453.09,7472.58,7443.8,7462.03
1578211200000,7467.56,7472.58,7412.57,7429.99
1578214800000,7425.13,7441.49,7394.09,7429.41
1578218400000,7426.27,7435.37,7405.31,7418.35
1578222000000,7413.51,7444.86,7410.99,7420.5
1578225600000,7420.5,7462,7420.5,7462
1578229200000,7457.64,7461.05,7415,7429.25
1578232800000,7431.56,7440,7419.31,7429.33
1578236400000,7428.59,7473,7428.59,7463.98
1578240000000,7468.24,7484.71,7446.15,7455.65
1578243600000,7457.72,7470.55,7444.54,7459.91
1578247200000,7463.21,7464.32,7417.96,7430.83
1578250800000,7431.63,7445.94,7420.01,7436.77
1578254400000,7436.77,7439.66,7420.03,7426.76
1578258000000,7426.76,7426.76,7360.12,7361.76
1578261600000,7360.11,7383.9,7310,7342.13
1578265200000,7351.2,7359.09,7318.2,7356.7
1578268800000,7352.12,7377.53,7342.46,7372.5
1578272400000,7368.33,7417.9,7360.32,7417.9
1578276000000,7417.9,7562.13,7412.03,7542.33
1578279600000,7548.73,7580,7486.98,7544.54
1578283200000,7545,7554.41,7514,7522.23
1578286800000,7523.23,7541.94,7493.2,7520.71
1578290400000,7523.43,7527.99,7502.51,7510
1578294000000,7514.99,7524.99,7500.02,7505.84
1578297600000,7505.99,7550,7502.52,7547
1578301200000,7547,7551.98,7508.01,7549.88
1578304800000,7549.88,7571.58,7529.3,7557.27
1578308400000,7559.29,7575.69,7519.87,7532.06
1578312000000,7537.28,7559.46,7528.47,7551.07
1578315600000,7556,7614.95,7485,7528.73
1578319200000,7511.46,7551.27,7496.46,7546.24
1578322800000,7540.01,7546.37,7512.94,7512.94
1578326400000,7517.91,7546.62,7503.97,7522.19
1578330000000,7520,7556.05,7520,7547.43
1578333600000,7554.04,7554.04,7521.31,7525.46
1578337200000,7531.73,7549.45,7516.97,7531.57
1578340800000,7538.11,7553.81,7526.76,7545.26
1578344400000,7544.13,7608,7544.13,7572.95
1578348000000,7577.79,7765,7571.18,7717.42
1578351600000,7719.7,7817,7714.7,7762.74
1578355200000,7768.17,8009.12,7761.3,7889.72
1578358800000,7892.86,7930.12,7870.92,7918.82
1578362400000,7912.21,7949.35,7899.34,7900.57
1578366000000,7905.32,7935.71,7889.36,7898.13
1578369600000,7897.04,7911.49,7826.18,7851.73
1578373200000,7846.35,7886,7838.07,7875.78
1578376800000,7875,7883.96,7860,7871.85
1578380400000,7878.03,7896.2,7861.52,7882.82
1578384000000,7876.61,7900,7866.13,7880.7
1578387600000,7874.11,7885,7853.15,7857.86
1578391200000,7853.5,7886.1,7853.16,7886
1578394800000,7886,7964.43,7879.71,7889.38
1578398400000,7891,7915.53,7844.08,7864.5
1578402000000,7871.48,7871.48,7805.25,7852.16
1578405600000,7852.17,7889.71,7838.96,7845.56
1578409200000,7853.37,7855.76,7741.65,7767.48
1578412800000,7762.05,7940,7697.03,7912.24
1578416400000,7916.08,7955,7882,7938.59
1578420000000,7939.82,8134.95,7920.8,8050
1578423600000,8050,8118.16,8045.99,8082.31
1578427200000,8075.24,8182.81,8047.41,8169.96
1578430800000,8170.35,8195,8009.12,8024.61
1578434400000,8020.05,8068.93,7955.23,8048.53
1578438000000,8052.15,8220,8023.31,8159.01
1578441600000,8151.79,8463.57,8151.79,8455.92
1578445200000,8441.75,8460.4,8343.94,8374.89
1578448800000,8371.75,8434.43,8259.14,8285.17
1578452400000,8282.7,8343.29,8248.72,8306.47
1578456000000,8309.05,8355.55,8287.08,8343.23
1578459600000,8344.4,8380.39,8308.23,8333.56
1578463200000,8333.56,8363.81,8315.12,8338.34
1578466800000,8340,8345,8278.06,8303.2
1578470400000,8298.42,8334.04,8270,8311.7
1578474000000,8311.7,8321.53,8277.52,8295.97
1578477600000,8295.97,8362.66,8282.69,8338.64
1578481200000,8332.86,8376.5,8329.87,8334.25
1578484800000,8341.96,8350,8273.36,8283.56
1578488400000,8283.56,8419.23,8217.11,8382.39
1578492000000,8388.24,8388.24,8194.52,8312.87
1578495600000,8306.73,8361.43,8233.81,8305.89
1578499200000,8308.9,8330,8057.42,8120.71
1578502800000,8112.57,8124.82,8009.12,8075.94
1578506400000,8077.71,8091.12,8033.29,8051.1
1578510000000,8046.15,8060.4,7960.13,7961.96
1578513600000,7960.13,8049.22,7872.09,8037.99
1578517200000,8038.75,8043.83,7957.38,8005.8
1578520800000,8012.12,8079.99,7975.73,8065
1578524400000,8061.36,8108.75,8000,8044.44
1578528000000,8048.94,8048.94,7927.13,7953.46
1578531600000,7955.66,8029.14,7945.87,7994.19
1578535200000,7994.19,8019.52,7971.96,7977.83
1578538800000,7974.2,7989.01,7934.01,7947.58
1578542400000,7950.72,7978.03,7927.89,7970
1578546000000,7964.59,7969.91,7930,7937.55
1578549600000,7940,7949,7900.81,7915.14
1578553200000,7909.01,7969.53,7908,7946.11
1578556800000,7945.68,7957.09,7911.73,7933.91
1578560400000,7931.81,7940.04,7850,7870.73
1578564000000,7871.73,7941.08,7853.65,7888.16
1578567600000,7890.41,7897.96,7851.4,7869.08
1578571200000,7878.23,7911.3,7868.16,7903.22
1578574800000,7889.9,7945.44,7887.38,7894.07
1578578400000,7888.64,7919.65,7871.24,7882.97
1578582000000,7877.66,7931.77,7877.66,7901.78
1578585600000,7898.89,7915.5,7802.05,7821
1578589200000,7814.48,7845.49,7777,7795.54
1578592800000,7789,7829.35,7782.79,7806.41
1578596400000,7806.45,7952.95,7806.45,7915.71
1578600000000,7918,7998.01,7803.49,7818.14
1578603600000,7810,7841.07,7737.97,7784.96
1578607200000,7786.94,7870.34,7783.3,7803.33
1578610800000,7802.49,7827.57,7785.02,7806.78
1578614400000,7812.7,7850,7807.99,7812.47
1578618000000,7817.85,7834.11,7780.09,7794.71
1578621600000,7792.6,7820.88,7784.78,7792.36
1578625200000,7787.93,7813.1,7760.57,7805.38
1578628800000,7807.07,7808.13,7754.8,7786
1578632400000,7786.7,7786.7,7727.56,7738.82
1578636000000,7735.03,7771.68,7709.22,7737.69
1578639600000,7737.48,7751.84,7713.47,7744.64
1578643200000,7743.41,7743.41,7676.61,7700.79
1578646800000,7697.53,7750.33,7689.47,7720.81
1578650400000,7713.2,7775,7667,7768.8
1578654000000,7768.76,7850.14,7761.01,7836.82
1578657600000,7835.08,7890.03,7801.03,7890.03
1578661200000,7889.03,7943.39,7859.23,7868.92
1578664800000,7862.61,7980,7842.92,7975.33
1578668400000,7975.92,8081.76,7942.68,8062.01
1578672000000,8065.61,8140,7929.53,7957.21
1578675600000,7947.65,7978.5,7912.23,7963.34
1578679200000,7966.89,8109.74,7963.96,8026.86
1578682800000,8027.93,8124.31,7969.22,8064.4
1578686400000,8061.31,8105.98,8043.06,8072.22
1578690000000,8075.99,8130.01,8000,8041.04
1578693600000,8046.33,8096.28,7983.62,8092.54
1578697200000,8085.89,8200,8059.27,8200
1578700800000,8200,8205,8126.57,8167.29
1578704400000,8174.55,8252.72,8167.37,8205.4
1578708000000,8204.26,8214.98,8159.27,8209.42
1578711600000,8203.26,8203.26,8130.78,8160.99
1578715200000,8151.8,8180,8097.3,8119.55
1578718800000,8111.14,8111.14,8049.22,8088.53
1578722400000,8080.93,8125.38,8057.85,8118.84
1578726000000,8125.14,8144.12,8062.64,8074.19
1578729600000,8070.43,8098.67,8030.46,8048.61
1578733200000,8049.61,8128.76,8048.61,8111
1578736800000,8116.65,8116.65,8039.22,8051.98
1578740400000,8052,8075,8009.12,8034.22
1578744000000,8036.89,8067,8012.13,8050.47
1578747600000,8052.16,8095.86,8042.88,8088.1
1578751200000,8087.39,8111.24,8044.43,8044.43
1578754800000,8044.43,8098.06,8044.43,8090.26
1578758400000,8092.51,8175,8059.37,8159.64
1578762000000,8168.7,8215.58,8145.86,8159.12
1578765600000,8159.12,8182.19,8132.7,8154.54
1578769200000,8158.38,8169,8131.31,8149.39
1578772800000,8144.13,8181.91,8139.36,8158.04
1578776400000,8162.87,8286,8049.22,8096.75
1578780000000,8096.75,8099.61,8020.69,8069.51
1578783600000,8075.96,8079.65,8000,8016.22
1578787200000,8008.1,8073.45,7960,8057.71
1578790800000,8047.68,8086.11,8031.46,8061.13
1578794400000,8055.68,8104.5,8044.62,8086.72
1578798000000,8090.08,8106.31,8059.98,8082.83
1578801600000,8089.17,8100,8066.36,8067.34
1578805200000,8071.77,8102.57,8066.36,8096.09
1578808800000,8102.57,8150.33,8074.74,8074.74
1578812400000,8085.33,8104.42,8074.6,8094.34
1578816000000,8088.03,8140.75,8080.83,8138.3
1578819600000,8135.4,8155.64,8114.81,8132.44
1578823200000,8129.24,8134.82,8088.94,8117.96
1578826800000,8112.42,8129.19,8096.72,8105
1578830400000,8105,8162.58,8104.3,8132.98
1578834000000,8134.21,8166,8113.31,8163.57
1578837600000,8160.27,8180,8117.81,8129.75
1578841200000,8131.81,8165,8131.81,8141.25
1578844800000,8149.63,8169.5,8091.89,8102.42
1578848400000,8101.52,8190,8070.01,8097.01
1578852000000,8097.01,8127.19,8081,8113.39
1578855600000,8114.82,8154.58,8113.12,8121.36
1578859200000,8123.34,8150.39,8123.34,8139.09
1578862800000,8136.6,8142.33,8088.05,8088.05
1578866400000,8091.63,8166.38,8091.61,8152.33
1578870000000,8156.76,8184,8130.66,8180.76
1578873600000,8180.75,8196.81,8132.31,8143.36
1578877200000,8143.36,8157.27,8132.29,8147.56
1578880800000,8147.56,8152.46,8104.2,8104.2
1578884400000,8105.28,8120,8080,8095.79
1578888000000,8095.36,8114.16,8080.82,8109.54
1578891600000,8109.54,8109.54,8069.34,8082.16
1578895200000,8082.16,8114.17,8044.48,8048
1578898800000,8044.49,8084.66,8039,8068.88
1578902400000,8065,8120,8053.27,8120
1578906000000,8116.17,8120.22,8072.25,8102.67
1578909600000,8099.67,8119.37,8084.12,8113.99
1578913200000,8114.32,8123.53,8067.04,8072.83
1578916800000,8070.63,8094.76,8040.54,8083.85
1578920400000,8082.8,8109.03,8067.46,8068.23
1578924000000,8073.03,8090.27,8058.99,8080.42
1578927600000,8084.96,8095.17,8061.85,8073.01
1578931200000,8073.01,8104.13,8064.44,8096.57
1578934800000,8105.52,8126.47,8081.45,8090.59
1578938400000,8089.53,8101.16,8080.3,8100.68
1578942000000,8100.68,8122.3,8096.98,8105.17
1578945600000,8103.84,8161.06,8101.3,8154.12
1578949200000,8156.15,8156.54,8115,8135.46
1578952800000,8129.63,8137.92,8106.28,8120.08
1578956400000,8115.93,8137.34,8100.1,8105.01
1578960000000,8105.01,8314.77,8105.01,8273.16
1578963600000,8274.63,8491.69,8269.86,8442.37
1578967200000,8439.26,8439.26,8377.3,8429.7
1578970800000,8425.56,8482.43,8380.77,8466.43
1578974400000,8464.35,8580,8464.35,8525.86
1578978000000,8524.84,8540.56,8460.11,8482.47
1578981600000,8477.3,8520,8463,8520
1578985200000,8510.65,8542.9,8490.01,8501.35
1578988800000,8501.35,8546.31,8499.18,8510.16
1578992400000,8505.7,8562.94,8475.01,8489.2
1578996000000,8495.07,8523.18,8446.02,8518
1578999600000,8517.99,8537.93,8490,8524.15
1579003200000,8524.77,8616.83,8466.37,8489.85
1579006800000,8484.69,8589.09,8484.69,8589.09
1579010400000,8588.32,8745.24,8559.96,8700
1579014000000,8696.42,8768,8640,8684.52
1579017600000,8692.33,8700.63,8519.56,8683.02
1579021200000,8683.02,8823.96,8677,8779.1
1579024800000,8786.48,8863.72,8675.31,8772.58
1579028400000,8768.7,8788.41,8692.06,8782.75
1579032000000,8778.45,8786.77,8681.65,8693.23
1579035600000,8692.49,8764.23,8672.08,8740.22
1579039200000,8742.32,8784.29,8726.43,8738.5
1579042800000,8744.25,8895,8723.33,8813.04
1579046400000,8813.2,8901.46,8701,8776.66
1579050000000,8778.15,8799,8709.5,8772.4
1579053600000,8775.53,8823.54,8758.51,8801.28
1579057200000,8805.65,8808.04,8718.74,8718.74
1579060800000,8718.74,8732.18,8563.2,8585.45
1579064400000,8581.11,8650,8555,8604.93
1579068000000,8598.95,8670.54,8594.66,8659.82
1579071600000,8657.64,8663.3,8602,8611.93
1579075200000,8604.14,8653.1,8582.72,8618.17
1579078800000,8616.23,8762.39,8615.23,8743.55
1579082400000,8741.4,8798.88,8704.85,8783.39
1579086000000,8784.54,8795.55,8708.03,8724.25
1579089600000,8724.17,8778.64,8703.97,8749.44
1579093200000,8747.6,8903.2,8747.6,8877.31
1579096800000,8880.66,8897.88,8718.74,8841.69
1579100400000,8847.85,8855.28,8726.82,8741.4
1579104000000,8741.88,8803.8,8661.25,8766.53
1579107600000,8760.01,8792.81,8713.65,8786.22
1579111200000,8786.22,8786.22,8705,8734.45
1579114800000,8734.45,8769.22,8730,8748.09
1579118400000,8752.01,8828.27,8718.81,8803.78
1579122000000,8803.78,8847.58,8779.42,8819.55
1579125600000,8819.55,8855.78,8795,8846.1
1579129200000,8849.86,8865,8781.39,8809.17
1579132800000,8810.62,8852.35,8700,8744.95
1579136400000,8744.95,8764.95,8602.6,8648.65
1579140000000,8648.65,8688.45,8589.1,8636.81
1579143600000,8638.73,8649.99,8575,8628.26
1579147200000,8625.1,8667,8603.13,8636.95
1579150800000,8633.23,8704.7,8629.89,8682.17
1579154400000,8685.78,8705,8654.33,8699.98
1579158000000,8695.07,8702.33,8634.86,8662.39
1579161600000,8662.4,8694.5,8640.97,8655
1579165200000,8655.98,8662.97,8573.91,8631.04
1579168800000,8625.4,8655.97,8584.04,8641.67
1579172400000,8642,8708.39,8610.79,8708.39
1579176000000,8707.1,8771.02,8673.43,8707.55
1579179600000,8708.75,8712.8,8653.68,8682
1579183200000,8682,8693.03,8632.1,8668.04
1579186800000,8667.03,8714.72,8655.37,8699.78
1579190400000,8695.7,8706.02,8591.79,8637.9
1579194000000,8639.16,8713.83,8629.38,8658.77
1579197600000,8663.76,8690.25,8633.93,8665.13
1579201200000,8667.23,8699,8656.36,8686.74
1579204800000,8691.87,8745.27,8675.56,8726.91
1579208400000,8730.46,8753.33,8657.34,8678.59
1579212000000,8678.59,8738.18,8678.59,8710
1579215600000,8710,8739.05,8703.9,8710.15
1579219200000,8715.39,8736.81,8661.52,8673.57
1579222800000,8684.48,8724.6,8666.62,8720.4
1579226400000,8725.3,8770,8700,8741.08
1579230000000,8741.08,8833.22,8735.32,8776.67
1579233600000,8780.22,8800.32,8742.42,8791.69
1579237200000,8800,8896.02,8779.34,8894.65
1579240800000,8897.99,8998,8845,8857.76
1579244400000,8860.15,8939.18,8845.03,8925.65
1579248000000,8911,9000,8872.47,8910.01
1579251600000,8910.9,8975,8901.25,8942.93
1579255200000,8955,9015.22,8870,8912.18
1579258800000,8916.45,8945.48,8868.13,8884.93
1579262400000,8895.32,8906.31,8784.29,8799.89
1579266000000,8800.61,8854.96,8791.11,8840.67
1579269600000,8840.67,8840.67,8762.39,8769.85
1579273200000,8765.02,8857.07,8765.02,8834.58
1579276800000,8842.61,8908.46,8827.08,8861.43
1579280400000,8858.52,8903.29,8843.53,8871.61
1579284000000,8871.61,8940.84,8867.91,8901.21
1579287600000,8913.09,8950,8800,8869.17
1579291200000,8869.27,8925.96,8854.68,8867.9
1579294800000,8867.01,8923.09,8867.01,8904.24
1579298400000,8908.57,8949.55,8885.76,8929.73
1579302000000,8929.74,8950,8888.73,8892.63
1579305600000,8898.03,8978.88,8858.72,8969.1
1579309200000,8977.42,8983.93,8885.47,8933.17
1579312800000,8933.17,8937.25,8885.82,8910.1
1579316400000,8911.14,8940.03,8890.7,8914.62
1579320000000,8916.54,8919.67,8811.6,8838.61
1579323600000,8831.51,8865.17,8806.6,8848.14
1579327200000,8838.21,8867.5,8798.9,8859.54
1579330800000,8862.39,8877.44,8831.12,8831.12
1579334400000,8838.48,8868,8815,8855.36
1579338000000,8852.92,8891.35,8846.47,8870.84
1579341600000,8875.03,8894.65,8862.75,8875.73
1579345200000,8875.56,8881.71,8843.64,8867.65
1579348800000,8863.94,8915.3,8863.94,8896.27
1579352400000,8904.9,8942,8881.79,8910.07
1579356000000,8916.08,8961.23,8895.4,8904.26
1579359600000,8914.65,8942.37,8857.86,8887.18
1579363200000,8887.29,8931.23,8830.47,8874.96
1579366800000,8877.48,8902,8860.59,8887.1
1579370400000,8895.63,8895.63,8857.73,8865.47
1579374000000,8874.6,8910.46,8856.84,8887.72
1579377600000,8900.12,8916.59,8880.92,8894.76
1579381200000,8894.76,8924.68,8891.45,8910.01
1579384800000,8916.44,8939.18,8910,8937.6
1579388400000,8939.11,9000.1,8908.53,8908.53
1579392000000,8901.02,8980,8880,8976.02
1579395600000,8975.68,9166,8974.16,9129.85
1579399200000,9145.62,9181.01,9108.34,9153.25
1579402800000,9151.58,9188.1,9129.16,9148
1579406400000,9142.7,9152.6,9108.53,9134.77
1579410000000,9134.77,9140.96,9100,9112.65
1579413600000,9119.63,9138.14,9031.43,9063.85
1579417200000,9058.08,9084.8,9028.9,9074
1579420800000,9079.58,9103.55,9050,9090
1579424400000,9080.48,9114.92,9038.21,9051.08
1579428000000,9050.51,9070,9025,9025.11
1579431600000,9030.61,9030.61,8461.38,8666.51
1579435200000,8669.41,8669.41,8546.58,8622.62
1579438800000,8622.22,8634.98,8563.27,8624.13
1579442400000,8619.74,8645.95,8610,8614.24
1579446000000,8610.01,8637,8590.92,8626.93
1579449600000,8627.46,8662.19,8600.53,8636.35
1579453200000,8636.37,8657.98,8607.17,8644.62
1579456800000,8650.4,8650.4,8619,8640.6
1579460400000,8641.38,8652.44,8619,8642.42
1579464000000,8637.92,8651.53,8625.5,8638.24
1579467600000,8636.87,8754.37,8632.95,8717.79
1579471200000,8715.25,8742.33,8469.67,8632.41
1579474800000,8621.16,8713,8612.24,8696.6
1579478400000,8698.97,8725.43,8648.09,8663.16
1579482000000,8664.41,8693.87,8623.45,8635.24
1579485600000,8642.33,8671.16,8626.59,8645.97
1579489200000,8644.87,8655.32,8625.01,8653.04
1579492800000,8657.67,8681.03,8619.96,8625.14
1579496400000,8625.14,8672.22,8625.14,8660.97
1579500000000,8658,8673.27,8645.67,8671.74
1579503600000,8671.74,8681.62,8630,8652.98
1579507200000,8652.98,8672.42,8582.82,8628.77
1579510800000,8627.84,8660,8624.49,8643.78
1579514400000,8647.63,8659.93,8628,8644.05
1579518000000,8644.05,8660,8588.22,8603.31
1579521600000,8600.69,8624.61,8533.79,8569.93
1579525200000,8566.26,8632.1,8507.93,8597.63
1579528800000,8587.53,8654.42,8580.53,8646.1
1579532400000,8646.7,8666,8623.21,8664.78
1579536000000,8663.11,8688.66,8637.03,8655.09
1579539600000,8657.69,8664.69,8623.5,8627.91
1579543200000,8629.1,8663.5,8623.77,8648.18
1579546800000,8651.36,8668.46,8642.34,8655.28
1579550400000,8661.09,8665.48,8650,8655.22
1579554000000,8657.38,8672.66,8650,8670.7
1579557600000,8675.41,8740.54,8619.88,8644.96
1579561200000,8642.18,8668.16,8598.92,8625.17
1579564800000,8629.66,8648.6,8601.93,8617.21
1579568400000,8617.06,8643.69,8609.76,8634.1
1579572000000,8634.1,8660.47,8625.13,8645.38
1579575600000,8651.62,8668.84,8638.95,8653.15
1579579200000,8653.15,8683.73,8650.06,8655
1579582800000,8656.55,8666.47,8618.62,8638.27
1579586400000,8643.53,8647.48,8614.74,8628.18
1579590000000,8635.04,8641.75,8603.14,8618.94
1579593600000,8613.78,8654.03,8595.94,8636.83
1579597200000,8643.46,8651.02,8610,8617.67
1579600800000,8612.5,8661.38,8589.1,8646.87
1579604400000,8642.59,8666.65,8625.81,8644.98
1579608000000,8640.19,8657.82,8614.33,8642.87
1579611600000,8650.58,8656.88,8632.02,8647
1579615200000,8650.16,8651.56,8632.19,8641
1579618800000,8641,8671.7,8630,8631.89
1579622400000,8634,8650.39,8610,8625.57
1579626000000,8624.39,8642.1,8611.72,8633.81
1579629600000,8636.71,8638.65,8599.17,8611.63
1579633200000,8612.47,8634.35,8480,8506.67
1579636800000,8511.38,8716.98,8508.48,8715.75
1579640400000,8704.43,8778.66,8704.42,8713.93
1579644000000,8713.94,8726.15,8673.44,8703.66
1579647600000,8703.66,8747.23,8703.66,8717.89
1579651200000,8728.47,8749.03,8708.14,8728.48
1579654800000,8726.3,8730,8695.31,8706.9
1579658400000,8712.18,8718.15,8679.79,8695.71
1579662000000,8695.15,8709.49,8688.72,8694.68
1579665600000,8694.68,8721.78,8694.68,8716.89
1579669200000,8716.4,8720.76,8692.01,8695.22
1579672800000,8697.19,8739.21,8695.77,8731.16
1579676400000,8733.39,8792.98,8675.31,8719.71
1579680000000,8719.28,8723.14,8625.1,8655
1579683600000,8655,8669.49,8610.57,8665.21
1579687200000,8665.49,8665.49,8623.71,8644.47
1579690800000,8644.47,8650,8595.18,8637.5
1579694400000,8637.5,8655,8620,8641.22
1579698000000,8641.07,8650.39,8612.97,8622.38
1579701600000,8618,8653,8613.05,8635.05
1579705200000,8628.45,8641.19,8618.15,8631.66
1579708800000,8627.88,8680,8567.68,8651.98
1579712400000,8653.66,8673.81,8636.05,8661
1579716000000,8669.55,8669.55,8612.13,8641.26
1579719600000,8648.12,8648.65,8614.72,8644.35
1579723200000,8633.65,8650,8625.58,8647.58
1579726800000,8641.31,8646.95,8633,8634.23
1579730400000,8639.06,8651.42,8628.79,8629.03
1579734000000,8627.83,8661.63,8627.37,8655.93
1579737600000,8661.63,8665.95,8612.13,8636.11
1579741200000,8637.49,8640.19,8568.66,8571.25
1579744800000,8567.68,8593.48,8530,8574.28
1579748400000,8570.21,8585.24,8550.74,8562.51
1579752000000,8562.51,8573.87,8542.63,8555.12
1579755600000,8551.41,8559.67,8460,8531.32
1579759200000,8528.28,8538.53,8474.53,8505.07
1579762800000,8501.38,8574.5,8470.19,8557.72
1579766400000,8552.9,8599.09,8480,8480
1579770000000,8481.24,8492.29,8340.27,8401.61
1579773600000,8405.28,8423.29,8377.29,8410
1579777200000,8410,8432.16,8370.52,8392.11
1579780800000,8391.18,8450,8352.9,8381.57
1579784400000,8379.14,8380.39,8300,8320.75
1579788000000,8317.49,8350.11,8290,8330
1579791600000,8330,8361.88,8307.78,8325.28
1579795200000,8329.88,8347.96,8287.14,8314.46
1579798800000,8314.71,8345,8286,8302.07
1579802400000,8294.89,8333.73,8280,8307.63
1579806000000,8307.63,8350.42,8303.13,8349.89
1579809600000,8346.02,8360.31,8321.28,8355.96
1579813200000,8352.73,8415,8347.82,8388.01
1579816800000,8380.74,8428.57,8378.72,8398.77
1579820400000,8395.8,8404.1,8335.56,8378.44
1579824000000,8382.08,8402.25,8367.59,8402.15
1579827600000,8394.5,8403.88,8344.85,8351.58
1579831200000,8347.64,8355.82,8268.28,8288
1579834800000,8286.1,8336.91,8278.68,8309.33
1579838400000,8309.33,8340.01,8280.7,8288.35
1579842000000,8295.65,8327.78,8286.7,8301.9
1579845600000,8303.37,8332.65,8302.89,8329.96
1579849200000,8332.93,8335,8282.91,8317.13
1579852800000,8316.22,8325.39,8296.25,8311.71
1579856400000,8309.13,8318.81,8234.49,8236.64
1579860000000,8233.77,8285.67,8213.37,8222.58
1579863600000,8223.19,8393.37,8212.9,8388.39
1579867200000,8389.75,8432.08,8349.15,8416.76
1579870800000,8423,8461.38,8392.46,8443.87
1579874400000,8445.93,8483.33,8425,8451.3
1579878000000,8451.3,8530.7,8421.14,8493.33
1579881600000,8493.33,8516.15,8445.22,8451.78
1579885200000,8451.78,8471.74,8436.86,8461.41
1579888800000,8461.41,8490,8454.18,8472.11
1579892400000,8470.52,8515,8463.34,8496.58
1579896000000,8489.21,8503.36,8446.24,8470.73
1579899600000,8474.2,8503.94,8457.98,8491.51
1579903200000,8498.63,8503.81,8419.23,8448.03
1579906800000,8448.03,8459.13,8387.77,8422.13
1579910400000,8435.83,8437.47,8284.7,8293.16
1579914000000,8290.16,8319.42,8252.72,8270.81
1579917600000,8270.92,8310,8269.49,8308.82
1579921200000,8308.81,8331.47,8268.88,8283.27
1579924800000,8283.26,8317.05,8268.88,8304.19
1579928400000,8293.54,8314.6,8270.14,8301.11
1579932000000,8301.69,8331.94,8296.59,8315.58
1579935600000,8302.26,8327.78,8286.49,8294.6
1579939200000,8294.6,8364.01,8287.03,8344.68
1579942800000,8344.68,8355.99,8310,8319.35
1579946400000,8322.16,8341.57,8284.12,8305.12
1579950000000,8315.3,8323.82,8288.51,8300.71
1579953600000,8289.17,8316.17,8273.36,8273.46
1579957200000,8277.06,8340,8273.36,8300.81
1579960800000,8303.91,8332.18,8296.29,8296.29
1579964400000,8306.35,8321.47,8287.41,8320.99
1579968000000,8320.69,8339.99,8310,8332.28
1579971600000,8339.91,8351.58,8307.64,8322.99
1579975200000,8319.24,8326.52,8302.81,8323
1579978800000,8323,8360.04,8315,8340.01
1579982400000,8340.01,8356.05,8330.28,8347
1579986000000,8347.01,8404.99,8347.01,8362.28
1579989600000,8362.17,8404.99,8322.51,8335.88
1579993200000,8345.88,8365.55,8318.84,8329.5
1579996800000,8320,8325.56,8276.22,8296.98
1580000400000,8302,8328.07,8291.27,8314.6
1580004000000,8308.75,8314.6,8289.24,8291.39
1580007600000,8291.39,8349.52,8289.68,8333
1580011200000,8333,8344.06,8317.6,8332.68
1580014800000,8332.46,8373,8331.02,8348.11
1580018400000,8348.11,8371.37,8321,8340.42
1580022000000,8340.38,8368.22,8320.1,8365.38
1580025600000,8354.88,8461.38,8354.88,8390.97
1580029200000,8391.52,8415,8362.48,8387.55
1580032800000,8391.86,8431.59,8377.48,8424.34
1580036400000,8424.35,8461.37,8403.01,8450
1580040000000,8450,8455.29,8416.77,8432.17
1580043600000,8429.83,8456.9,8418.5,8431
1580047200000,8420.91,8450.75,8405.65,8429.27
1580050800000,8442.99,8459.48,8415,8424.82
1580054400000,8427.98,8491,8424.08,8489.02
1580058000000,8489.02,8567.68,8466.31,8555.64
1580061600000,8560.72,8600,8545.91,8553.43
1580065200000,8553.43,8566.03,8519.63,8538.4
1580068800000,8536.99,8594.5,8532.83,8542
1580072400000,8542.01,8588.64,8542.01,8577.78
1580076000000,8579.84,8595.35,8530.13,8551.09
1580079600000,8563.5,8599.66,8550.07,8590.48
1580083200000,8600,8677.67,8592.61,8636.77
1580086800000,8648.42,8666.96,8630,8630
1580090400000,8630.33,8647.72,8605.09,8619.47
1580094000000,8616.49,8657.55,8611.47,8639.21
1580097600000,8639.21,8660.99,8598.81,8609.92
1580101200000,8610.13,8640.52,8600.02,8626.68
1580104800000,8637.96,8644.95,8610.49,8644.95
1580108400000,8635,8644.95,8623.61,8643.72
1580112000000,8643.72,8643.72,8546.55,8573.79
1580115600000,8575.1,8628.37,8565.01,8612
1580119200000,8612,8650,8598.23,8616.96
1580122800000,8608.82,8728.98,8599.96,8705.8
1580126400000,8715.76,8740.54,8675.36,8723.91
1580130000000,8722.91,8762.39,8708.51,8715.02
1580133600000,8715.03,8750,8696.01,8746.03
1580137200000,8744.93,8780,8737.51,8759.42
1580140800000,8761.6,8799,8733,8765.78
1580144400000,8771.99,8799,8741.83,8752.44
1580148000000,8746.21,8880,8741.88,8866.02
1580151600000,8867.29,8983.93,8848.47,8906.11
1580155200000,8906.39,8980.45,8894.87,8980.22
1580158800000,8964.57,9004.35,8910.61,8947.05
1580162400000,8947.05,8963.66,8873.11,8887.22
1580166000000,8890,8941.2,8872.47,8894.54
1580169600000,8894.57,9075.98,8894.57,9059.08
1580173200000,9066.06,9150,9058.25,9123.17
1580176800000,9121.57,9131.83,9083.17,9102.08
1580180400000,9102.07,9108.38,9060.01,9088.98
1580184000000,9089.18,9127.24,9034.52,9042.93
1580187600000,9032.25,9062.92,8939.18,9045.17
1580191200000,9045.17,9063.71,8973.8,9002.12
1580194800000,9003.76,9053.81,8989.26,9038.21
1580198400000,9030.67,9036.51,8950.01,8991.28
1580202000000,8980,9006.17,8952.03,8964.56
1580205600000,8964.56,9028.6,8929.11,9007.61
1580209200000,9007.61,9101.92,8996.83,9070.88
1580212800000,9062.82,9079.95,9000,9032.52
1580216400000,9032.52,9090.89,9017.56,9070.3
1580220000000,9070.3,9188,9000.2,9018.66
1580223600000,9030.56,9050,8939.18,9008.05
1580227200000,9008.06,9030,8950,8950
1580230800000,8945.56,8980.09,8876,8964.71
1580234400000,8964.71,9015.94,8950.8,8972.02
1580238000000,8973.16,9028.9,8960,8986.13
1580241600000,9002.46,9088.83,9002.46,9048.31
1580245200000,9043.01,9104.02,9029.95,9036.6
1580248800000,9048.64,9165.19,9036.62,9148
1580252400000,9131,9413.24,9113,9400
1580256000000,9386.57,9429.99,9314,9322.06
1580259600000,9327.03,9377.91,9314,9335.52
1580263200000,9335.53,9361.71,9273.63,9325.55
1580266800000,9325.55,9359.67,9290.61,9343.75
1580270400000,9331.45,9373.05,9308.02,9322.58
1580274000000,9320.71,9360.46,9316.76,9345.5
1580277600000,9344.77,9390,9328.62,9336.03
1580281200000,9333.05,9361.66,9313.31,9361.66
1580284800000,9355,9378.79,9327.66,9372.88
1580288400000,9375,9375,9308.02,9311.38
1580292000000,9319.9,9420.4,9230,9384.13
1580295600000,9389.81,9397,9215.5,9280.28
1580299200000,9288.99,9300,9242,9275.22
1580302800000,9275.12,9346.78,9250.11,9299.95
1580306400000,9318.96,9337.36,9285.79,9312.54
1580310000000,9325.59,9325.59,9261.81,9267.21
1580313600000,9281.1,9349,9250.11,9344.79
1580317200000,9347.29,9361.24,9313.99,9334.23
1580320800000,9334.22,9369,9322.75,9355.82
1580324400000,9355.82,9400,9304,9374.71
1580328000000,9374.71,9399,9335.15,9379
1580331600000,9371.65,9443.96,9313.3,9353.55
1580335200000,9353.55,9369.74,9290.41,9332.28
1580338800000,9332.3,9347.03,9266.02,9289.18
1580342400000,9280.83,9320.68,9180,9252.34
1580346000000,9252.34,9280.33,9230.67,9266.36
1580349600000,9268.46,9271.22,9226.77,9226.77
1580353200000,9226.77,9268.87,9221.26,9250.85
1580356800000,9250.85,9342.95,9246.5,9308
1580360400000,9315,9330,9289.49,9299.86
1580364000000,9291.92,9327.82,9277.8,9309.26
1580367600000,9309.27,9373.48,9299.56,9359.97
1580371200000,9373.46,9389.45,9325.62,9351.51
1580374800000,9343,9371.99,9289.19,9335
1580378400000,9335,9349.99,9305.09,9319.54
1580382000000,9319.45,9348.98,9290,9328.03
1580385600000,9315.98,9380,9315.56,9353.77
1580389200000,9366.27,9390.3,9336.25,9366.37
1580392800000,9387.6,9399.38,9286.1,9344.11
1580396400000,9338.13,9375.96,9325.82,9375.87
1580400000000,9375.84,9480,9166.07,9339.82
1580403600000,9349.48,9521.34,9345.46,9462.98
1580407200000,9465.08,9515.92,9446.41,9476.82
1580410800000,9482.74,9514.07,9440,9498.99
1580414400000,9493,9567.93,9475.8,9552.89
1580418000000,9563.86,9570,9502.24,9544.76
1580421600000,9544.97,9568,9520.08,9555.11
1580425200000,9567.65,9569.58,9448.22,9500
1580428800000,9510.84,9529.35,9453.1,9454.13
1580432400000,9453.12,9500.27,9437.13,9479.31
1580436000000,9479.49,9479.49,9377.83,9427.01
1580439600000,9439.4,9458,9413.04,9430.25
1580443200000,9418.9,9432.78,9382.13,9394.94
1580446800000,9404.19,9416.5,9319.18,9320.05
1580450400000,9320.87,9374.89,9303.53,9351.85
1580454000000,9352.86,9356.29,9303.53,9351.03
1580457600000,9343.88,9379.95,9315.99,9356.97
1580461200000,9364.82,9384.04,9330.17,9340.32
1580464800000,9330.17,9367.94,9249.58,9320.82
1580468400000,9303.74,9333.58,9276.9,9321.21
1580472000000,9309.04,9318.41,9225.45,9264.68
1580475600000,9256.76,9278,9195.93,9255
1580479200000,9246.39,9278,9204.44,9248.06
1580482800000,9239.34,9319.52,9239.34,9309.8
1580486400000,9318.52,9349,9234.11,9263.47
1580490000000,9273.37,9300,9249.6,9260.01
1580493600000,9269.37,9301.87,9255.11,9289.11
1580497200000,9297.2,9310.5,9278.45,9282.37
1580500800000,9282.59,9334.22,9282.59,9305.65
1580504400000,9299.69,9358,9295.69,9349.3
1580508000000,9354.15,9412.87,9323.92,9386.57
1580511600000,9389.97,9406.36,9308.46,9327.85
1580515200000,9339.26,9385.59,9321.41,9366.64
1580518800000,9366.81,9420.4,9366.81,9420.4
1580522400000,9420.4,9464.16,9391.25,9424.9
1580526000000,9425.34,9446.02,9391.82,9409.69
1580529600000,9409.99,9439.48,9390.04,9390.04
1580533200000,9398.36,9406.06,9366.32,9369.21
1580536800000,9380.89,9399.17,9369.55,9391.03
1580540400000,9390.41,9448.78,9390.41,9415.6
1580544000000,9415.6,9422.08,9367.71,9382.86
1580547600000,9371.24,9392.95,9340.19,9385.91
1580551200000,9385.96,9405.58,9344.09,9373.41
1580554800000,9373.41,9377.92,9311.07,9332.78
1580558400000,9336.82,9354.55,9280.33,9303.69
1580562000000,9302.17,9362.48,9283.17,9331.85
1580565600000,9331.85,9336.86,9288.58,9325.33
1580569200000,9324.4,9362.66,9311.89,9319.08
1580572800000,9322,9396.09,9313.58,9378.87
1580576400000,9392.13,9413.45,9361.18,9366.11
1580580000000,9366.11,9394.93,9346.87,9377.2
1580583600000,9377.2,9380.85,9338,9348.36
1580587200000,9346.16,9380,9338,9370.8
1580590800000,9360.78,9370.8,9345.81,9354.46
1580594400000,9360.88,9402.42,9340,9367.9
1580598000000,9367.91,9405,9361,9377.17
1580601600000,9379.6,9384.81,9305.03,9305.03
1580605200000,9304.71,9336.49,9290.43,9313.09
1580608800000,9312.86,9320.55,9226.97,9250.12
1580612400000,9250,9275,9211.07,9248.9
1580616000000,9250,9320.72,9135,9319.21
1580619600000,9307.5,9333.24,9277.22,9294.72
1580623200000,9294.72,9373.48,9270.6,9355.06
1580626800000,9355.7,9377.03,9333.02,9359.62
1580630400000,9359.62,9381.82,9331.81,9349.77
1580634000000,9354.65,9379.62,9338.94,9361.6
1580637600000,9374.3,9455.56,9363.69,9417.73
1580641200000,9409.43,9435.15,9392.9,9418.46
1580644800000,9430.3,9474.28,9388.4,9418.23
1580648400000,9414.5,9430,9390.2,9424.45
1580652000000,9424.45,9455,9361,9437.34
1580655600000,9437.8,9467.57,9432.2,9448.26
1580659200000,9455.33,9457.3,9412.4,9434.15
1580662800000,9420.6,9446.93,9400,9439.44
1580666400000,9438.98,9459.54,9427.33,9437.47
1580670000000,9438,9467.57,9423.82,9426.67
1580673600000,9426.75,9456.43,9409.96,9444.02
1580677200000,9446.37,9448.41,9418.75,9437.62
1580680800000,9437.62,9447.28,9363.22,9378.01
1580684400000,9386.09,9404.22,9297.82,9329.39
1580688000000,9309.69,9413.24,9279.71,9392.22
1580691600000,9402.06,9615,9382.97,9498.87
1580695200000,9499.28,9518,9251.99,9369.88
1580698800000,9369.11,9391.98,9317.63,9370
1580702400000,9370,9392.42,9355.26,9375
1580706000000,9375,9418.28,9363.88,9381.17
1580709600000,9389.99,9398.96,9362.04,9385.96
1580713200000,9385.88,9385.97,9319.58,9346.74
1580716800000,9357.83,9380.22,9329.82,9345.11
1580720400000,9354.23,9354.23,9312,9315.01
1580724000000,9314.7,9319.99,9282,9299.28
1580727600000,9285.13,9376.68,9280,9325.57
1580731200000,9326.6,9353.17,9309.37,9333.71
1580734800000,9319.34,9338.53,9280.33,9300.15
1580738400000,9301.15,9345.23,9275,9337.25
1580742000000,9337.74,9337.74,9257.18,9257.18
1580745600000,9262.19,9321.36,9234.55,9246.97
1580749200000,9248.03,9284.66,9211.07,9284.64
1580752800000,9284.63,9310.53,9240.98,9303.3
1580756400000,9306.7,9313.33,9282.97,9309.69
1580760000000,9301.21,9342.77,9285.83,9301.25
1580763600000,9301.25,9309.64,9258.53,9271.03
1580767200000,9280.3,9303.5,9250,9271.83
1580770800000,9262.63,9306,9234.1,9288.09
1580774400000,9281,9348.6,9280.3,9322.04
1580778000000,9322.04,9335.92,9246.49,9265.29
1580781600000,9255.36,9288.9,9255.35,9278.9
1580785200000,9283.05,9290.99,9241.32,9266.35
1580788800000,9266.35,9300,9230,9252.18
1580792400000,9246.55,9277.56,9200,9258.32
1580796000000,9259.15,9300,9230.01,9251.21
1580799600000,9251.22,9308.35,9238.95,9254.59
1580803200000,9256.34,9281.27,9217,9217
1580806800000,9220,9246.04,9132.65,9145.62
1580810400000,9147.83,9187.94,9136.05,9164.53
1580814000000,9163.26,9235,9076,9165.33
1580817600000,9165.33,9191.9,9075,9112.57
1580821200000,9112.57,9140,9075,9132.51
1580824800000,9140,9154.19,9095,9129.99
1580828400000,9140.52,9211.07,9127,9190.5
1580832000000,9182.57,9220.7,9175.05,9205
1580835600000,9205,9207.75,9171.94,9199.54
1580839200000,9193.07,9219.98,9142.85,9161.1
1580842800000,9161.1,9174.92,9144.3,9157.78
1580846400000,9153.48,9174.11,9119.53,9170.33
1580850000000,9174.11,9180.79,9130.32,9132.44
1580853600000,9130.71,9171.5,9126.13,9171.5
1580857200000,9167.45,9186,9141.49,9159.37
1580860800000,9168.49,9219.97,9150.15,9191.09
1580864400000,9204.05,9220,9159.15,9159.15
1580868000000,9155.01,9198,9142.52,9185.89
1580871600000,9197.42,9216.49,9168.71,9216.49
1580875200000,9212.72,9214.8,9180.02,9206
1580878800000,9210.51,9259.98,9200.51,9245.02
1580882400000,9245.73,9275,9237.53,9243.19
1580886000000,9243.19,9275,9230.63,9243.92
1580889600000,9243.92,9248.66,9206.53,9236.47
1580893200000,9236.47,9249.91,9219.22,9244.99
1580896800000,9236.02,9396.91,9235,9371.06
1580900400000,9371.05,9415,9345.07,9409.3
1580904000000,9414.98,9467.57,9397.72,9436.78
1580907600000,9446.3,9460,9400,9426.99
1580911200000,9435.21,9470,9405.62,9443.5
1580914800000,9444.88,9500,9422.47,9478.88
1580918400000,9478.88,9570.75,9463.85,9565
1580922000000,9565,9576,9517.96,9561.49
1580925600000,9569.82,9775,9561.49,9680.03
1580929200000,9680.05,9729,9632.27,9661.85
1580932800000,9661.86,9710.02,9652.88,9672.77
1580936400000,9674.22,9721.3,9671.17,9686.6
1580940000000,9686.6,9693.01,9596.2,9625.3
1580943600000,9631.41,9683.38,9586.13,9618.42
1580947200000,9617.84,9637.73,9521,9545.59
1580950800000,9537.77,9624.82,9528.21,9624.82
1580954400000,9634.49,9634.49,9553.35,9574.41
1580958000000,9567,9634.16,9553.31,9619.41
1580961600000,9619.41,9645.34,9609.96,9633.01
1580965200000,9633.01,9658.38,9617.91,9628.62
1580968800000,9628.62,9681.73,9601,9640.96
1580972400000,9644.23,9695.85,9601,9627.45
1580976000000,9611.68,9661.17,9590.01,9622.24
1580979600000,9622.5,9644.39,9591.17,9633.19
1580983200000,9633.49,9679.78,9623.72,9652.25
1580986800000,9660,9699.19,9630.76,9689.78
1580990400000,9683.98,9828.88,9683.98,9815.88
1580994000000,9828.88,9859.48,9634.5,9756.77
1580997600000,9740.33,9859.57,9676.9,9820
1581001200000,9805.08,9826.62,9755.53,9779.35
1581004800000,9781.06,9832.52,9740,9769.24
1581008400000,9777.06,9806.7,9718.52,9764.92
1581012000000,9756.77,9770.87,9665.81,9750
1581015600000,9743.91,9762.92,9704,9727.11
1581019200000,9739.21,9778.38,9718.99,9762.97
1581022800000,9775.29,9790,9700,9732.21
1581026400000,9739.92,9748.95,9661.75,9664.65
1581030000000,9672.01,9759,9635.57,9754.63
1581033600000,9754.63,9804.37,9737.46,9761.67
1581037200000,9764.67,9813.66,9750.91,9785.61
1581040800000,9786.64,9850,9767.81,9780.31
1581044400000,9785.03,9820.06,9754.36,9768.67
1581048000000,9752.59,9805.09,9731.2,9770.65
1581051600000,9770.65,9807.42,9727.03,9733.88
1581055200000,9734.77,9785.09,9722.75,9765.8
1581058800000,9767.28,9796.99,9735.77,9776.29
1581062400000,9776.29,9790.57,9742.95,9752.34
1581066000000,9756.17,9796.45,9746.24,9791.02
1581069600000,9784.01,9825,9777.59,9798.69
1581073200000,9799.63,9878,9782.15,9797.52
1581076800000,9791.23,9817.11,9706.94,9735.14
1581080400000,9736.23,9780.68,9733.18,9759.18
1581084000000,9758.65,9825,9757.04,9801.44
1581087600000,9801.44,9814.95,9763.1,9779.14
1581091200000,9782.27,9818.74,9741.23,9771.56
1581094800000,9771.56,9793.28,9756.31,9765
1581098400000,9762,9793.97,9758.11,9776.03
1581102000000,9783.03,9783.93,9739.83,9758.94
1581105600000,9758.94,9767.32,9725,9725
1581109200000,9725,9770.35,9718.45,9748.45
1581112800000,9742.99,9800,9736.53,9792.56
1581116400000,9792.56,9820,9775,9803.42
1581120000000,9803.71,9820,9768,9773.49
1581123600000,9773.49,9779.69,9744.08,9776.85
1581127200000,9767.19,9776.94,9682.73,9723.12
1581130800000,9715.46,9722.11,9658.58,9714.31
1581134400000,9707.89,9765.37,9696.1,9756.09
1581138000000,9749.02,9778.43,9729.46,9758.11
1581141600000,9747.47,9785,9747.47,9751.71
1581145200000,9758.02,9765.76,9733.82,9746.66
1581148800000,9756.09,9828.88,9746.56,9801.37
1581152400000,9800.38,9817.17,9772.48,9795.38
1581156000000,9803.8,9848.16,9794.87,9802.96
1581159600000,9800,9841.14,9770.74,9823.49
1581163200000,9807.96,9842.5,9800,9809.69
1581166800000,9815.2,9899,9750,9805.65
1581170400000,9792.52,9865,9785.5,9853.36
1581174000000,9853.35,9867.13,9822.64,9831.42
1581177600000,9844.23,9878.05,9815,9873.64
1581181200000,9862.92,9894.05,9838.75,9867.89
1581184800000,9874.09,9877.02,9811,9848.47
1581188400000,9843.3,9878,9841.34,9869.22
1581192000000,9864.01,9879.29,9845.83,9866.6
1581195600000,9862.04,9948.97,9862.04,9919.16
1581199200000,9919.3,9935.6,9840,9912.31
1581202800000,9912.53,9924.99,9893.71,9902
1581206400000,9907.7,9957.96,9885.04,9947
1581210000000,9953.54,9963.94,9917.21,9946.77
1581213600000,9955.69,10000,9915,9983.1
1581217200000,9984.91,10127.84,9969.54,10055
1581220800000,10054.37,10138,10047.56,10088.88
1581224400000,10088.22,10121.86,10059.98,10102.33
1581228000000,10110.95,10137.9,10095.92,10102.14
1581231600000,10100.71,10178.54,10098.08,10135.8
1581235200000,10135.8,10163.41,10100,10101.86
1581238800000,10103.05,10144.44,10066.46,10076.2
1581242400000,10080.52,10137.88,10054.26,10130
1581246000000,10122.55,10140.8,10101,10106.65
1581249600000,10110,10156.08,10110,10126.89
1581253200000,10129.06,10150,10089.43,10105
1581256800000,10105,10126.87,10075,10089.12
1581260400000,10089.04,10118.66,9999.21,10099.01
1581264000000,10099.59,10127.84,10070.16,10109.09
1581267600000,10109.1,10122.21,10081.71,10096.25
1581271200000,10097.86,10097.86,10050.64,10077.87
1581274800000,10077.87,10100,10066,10069.8
1581278400000,10084.7,10090,10038.29,10054.78
1581282000000,10054.78,10090,10047.79,10074.87
1581285600000,10074.87,10127.84,10074.12,10120.08
1581289200000,10125,10175.41,10120.08,10173.97
1581292800000,10173.51,10199.85,10151.75,10193.12
1581296400000,10193.12,10195,10133,10137.1
1581300000000,10133.4,10153.27,10072.49,10119.1
1581303600000,10118.49,10120,10047.43,10081.88
1581307200000,10093.97,10099,10018.07,10051.91
1581310800000,10051.91,10078.77,9731.2,9833.1
1581314400000,9822.8,10009.25,9797.7,9965.7
1581318000000,9955.1,10009.73,9945,9976.58
1581321600000,9985.64,9987.31,9868.73,9900
1581325200000,9889.78,9904.72,9777.37,9824.98
1581328800000,9824.98,9860,9805,9835.1
1581332400000,9833.23,9847.04,9757.91,9803.38
1581336000000,9803.62,9840,9765.53,9827.42
1581339600000,9831,9855,9810,9811.04
1581343200000,9823.46,9900,9810,9877.57
1581346800000,9877.57,9932.73,9860,9860
1581350400000,9872,9898.72,9809.84,9824.28
1581354000000,9831.39,9857.51,9804.37,9841
1581357600000,9845,9869.04,9810,9839.25
1581361200000,9839.25,9852.88,9795,9821.98
1581364800000,9826.29,9874.99,9822.52,9850.93
1581368400000,9846.54,9876.19,9843.25,9862.23
1581372000000,9861.48,9871.34,9801.87,9841.84
1581375600000,9830.14,9895.86,9830.13,9850.01
1581379200000,9851.99,9862.19,9758.11,9767.02
1581382800000,9767.5,9809.37,9706.94,9798.21
1581386400000,9802.62,9812.38,9750,9751.62
1581390000000,9752.67,9768.95,9714.63,9723.43
1581393600000,9724.08,9759.82,9710,9737.39
1581397200000,9744.33,9783.31,9737.39,9749.64
1581400800000,9754.45,9787.87,9732.22,9768.11
1581404400000,9769.05,9788.09,9720.35,9742.96
1581408000000,9730.03,9793.94,9724.07,9793.94
1581411600000,9796.86,9806.8,9758.18,9773.46
1581415200000,9771,9805.08,9746.94,9782.04
1581418800000,9784.69,9817.96,9775,9801
1581422400000,9806.24,9887.76,9787.74,9853.18
1581426000000,9859,9914.91,9853.18,9875
1581429600000,9875,9911.21,9850,9853.8
1581433200000,9853.8,10245,9850,10211.73
1581436800000,10211.73,10383.9,10209.91,10267.89
1581440400000,10267.89,10328.34,10259.95,10308.58
1581444000000,10308.58,10358.26,10239.48,10251.82
1581447600000,10263.46,10356.15,10216.13,10295.99
1581451200000,10296,10305.96,10252.34,10277.47
1581454800000,10277.48,10285.66,10209,10236.37
1581458400000,10248.7,10278.37,10214.77,10233.75
1581462000000,10242.85,10309.96,10216,10268.98
1581465600000,10270.98,10356.99,10270.98,10346.19
1581469200000,10346.22,10360.63,10300.85,10323.34
1581472800000,10341.54,10344.54,10266.21,10300
1581476400000,10300,10324.01,10273.34,10299.71
1581480000000,10299.71,10345.05,10298.56,10305.04
1581483600000,10303.92,10375.95,10288.58,10360
1581487200000,10352.74,10383.9,10303.22,10350.73
1581490800000,10364.13,10495,10334.98,10395.69
1581494400000,10394.18,10399.73,10251,10302.97
1581498000000,10295.81,10305,10247.35,10268.68
1581501600000,10280,10347.69,10251.84,10320.96
1581505200000,10321.1,10391.41,10311.31,10355.04
1581508800000,10355.43,10365,10312.84,10349.07
1581512400000,10349.07,10400,10338.77,10399.01
1581516000000,10399.01,10446.12,10306.41,10381.72
1581519600000,10371.52,10382.13,10265.01,10345.41
1581523200000,10340.58,10396.09,10317.73,10367.08
1581526800000,10365,10388.32,10334.78,10365.46
1581530400000,10374,10374.9,10332.57,10359.83
1581534000000,10360.42,10363,10325.41,10328
1581537600000,10332.57,10409.7,10328,10394.81
1581541200000,10387.1,10441.66,10335.66,10387.42
1581544800000,10397.55,10400,10342.79,10354.28
1581548400000,10355.41,10388.51,10319.32,10348.78
1581552000000,10348.78,10411.03,10327.88,10397.23
1581555600000,10391.95,10435.88,10370.36,10426.04
1581559200000,10426.18,10456.38,10389,10425.85
1581562800000,10428.71,10467.07,10388.8,10411.65
1581566400000,10398.54,10437.93,10396.93,10407.08
1581570000000,10416.93,10455.98,10409.9,10446.55
1581573600000,10446.55,10480,10425.53,10480
1581577200000,10480,10500,10350,10360.01
1581580800000,10360.01,10384.08,10153.15,10264.87
1581584400000,10261.61,10268.03,10077.39,10175.62
1581588000000,10167.43,10205,10118.92,10162.38
1581591600000,10150.14,10185.31,10068,10137.52
1581595200000,10148.61,10227.99,10098.62,10205.92
1581598800000,10213.39,10500.5,10200,10206.13
1581602400000,10218.8,10355.21,10132.18,10247.27
1581606000000,10260,10332.17,10197.88,10258.85
1581609600000,10269.9,10300,10155.65,10164.05
1581613200000,10164.05,10237.14,10136,10180
1581616800000,10189.61,10230,10175,10191.1
1581620400000,10191.1,10270,10184.77,10250.55
1581624000000,10248.36,10270,10198.02,10229.17
1581627600000,10221.93,10225.48,10170,10173.48
1581631200000,10173.48,10233.88,10170.01,10210
1581634800000,10210.2,10253,10210,10228.67
1581638400000,10229.19,10249.58,10171.09,10232.72
1581642000000,10238.85,10289,10210.16,10232.87
1581645600000,10244.32,10274.33,10224.66,10259.14
1581649200000,10261.7,10294.73,10206.12,10249.14
1581652800000,10253.87,10280.88,10189.96,10214.92
1581656400000,10214.92,10239.17,10153.15,10153.37
1581660000000,10166.2,10200.81,10142.19,10193.88
1581663600000,10193.87,10208.15,10093.26,10102.78
1581667200000,10106.72,10160,10101.91,10135.07
1581670800000,10135.08,10215.15,10132.44,10204.01
1581674400000,10215.15,10300,10190,10248.27
1581678000000,10248.34,10285.34,10206.78,10266.07
1581681600000,10266.07,10299.31,10229.38,10253.72
1581685200000,10265.21,10272.42,10235,10250.37
1581688800000,10254.25,10353.31,10211.49,10234.65
1581692400000,10237.99,10300.68,10231.23,10257.11
1581696000000,10257.11,10318.62,10244.83,10284.01
1581699600000,10294.74,10308.66,10265.17,10291.92
1581703200000,10291.92,10376.73,10289.18,10366.49
1581706800000,10366.49,10394.02,10324.7,10357.73
1581710400000,10357.73,10393.9,10357.73,10366
1581714000000,10366,10398,10322.68,10351.07
1581717600000,10339.15,10386.46,10300,10368.49
1581721200000,10368.49,10376.54,10338.26,10364.04
1581724800000,10364.04,10408.04,10341,10343.18
1581728400000,10343.15,10372.08,10225.27,10259.44
1581732000000,10260.86,10289.34,10224.09,10242.69
1581735600000,10244.92,10296.29,10244.92,10274.65
1581739200000,10272.81,10290,10252.94,10273.35
1581742800000,10281.13,10282.32,10230,10230.02
1581746400000,10236.78,10267.09,10206,10247.41
1581750000000,10251.01,10256.18,10200,10231.15
1581753600000,10231.15,10256.65,10220.57,10251.5
1581757200000,10257.83,10274.94,10224.51,10271.26
1581760800000,10265.27,10278.51,10237.64,10249.84
1581764400000,10249.8,10250,10207.91,10230
1581768000000,10230,10250,10200,10239.64
1581771600000,10239.64,10247.48,10212.82,10227.6
1581775200000,10232.21,10250,10224.6,10236.69
1581778800000,10242.36,10246.22,9739,9976.78
1581782400000,9967.82,10098.46,9856.85,9902.37
1581786000000,9896.3,9947.41,9828.88,9843.05
1581789600000,9847.39,9913.25,9799,9910.78
1581793200000,9910.78,9931.25,9885.82,9885.82
1581796800000,9885.82,9915.03,9869.18,9885.56
1581800400000,9889.42,9931.06,9885.56,9921.07
1581804000000,9925.9,9937.62,9909.5,9919.97
1581807600000,9919.98,9934.94,9885,9899.78
1581811200000,9909.71,9931.16,9850,9927.52
1581814800000,9927.52,9941.71,9906.62,9925.11
1581818400000,9925.22,10044.81,9916.52,10041.23
1581822000000,10041.23,10051.24,9986.33,9997.06
1581825600000,9997.06,10026.4,9971.42,10018.68
1581829200000,10014.15,10031.42,9930.87,9964.38
1581832800000,9953,9985.1,9940.06,9977.15
1581836400000,9968.95,9999.23,9965,9972.19
1581840000000,9965,10020,9945.49,9995.12
1581843600000,9998.87,10014.31,9967.89,9970.3
1581847200000,9970.3,9987.29,9935.01,9935.85
1581850800000,9935.85,9976.58,9907.35,9915.57
1581854400000,9915.67,9954.51,9878.09,9916.25
1581858000000,9916.18,9964.83,9855,9953.71
1581861600000,9942.8,9988.21,9895.6,9895.6
1581865200000,9900.83,9923.05,9828.88,9864.2
1581868800000,9864.21,9924.51,9644.52,9737.06
1581872400000,9737.04,9800.84,9700,9769.31
1581876000000,9769.31,9842.6,9756.21,9808
1581879600000,9812.74,9812.74,9716,9756.54
1581883200000,9750,9782.72,9730.05,9774.42
1581886800000,9785,9800.99,9757.16,9765.84
1581890400000,9765.84,9878.09,9763.5,9876.87
1581894000000,9876.87,10014.88,9863.95,9912.89
1581897600000,9925.96,9973.45,9853.46,9870.98
1581901200000,9861.59,9914.77,9842.52,9854.74
1581904800000,9854.85,9872.64,9804.37,9854.65
1581908400000,9844.8,9858.18,9775,9814.4
1581912000000,9825.93,9825.93,9716.18,9752.44
1581915600000,9752.45,9820.98,9752.45,9771.39
1581919200000,9771.39,9846.12,9765.06,9778.02
1581922800000,9780.04,9825.14,9753.35,9754.39
1581926400000,9760.52,9823.44,9745.65,9802.62
1581930000000,9803.25,9846.89,9794.98,9800.31
1581933600000,9808.28,9808.28,9683.5,9727
1581937200000,9720,9727.85,9585.02,9636.11
1581940800000,9635,9698.96,9600,9655.81
1581944400000,9655.8,9681.76,9490,9540.61
1581948000000,9540,9625.54,9467.57,9610.01
1581951600000,9611.59,9682.73,9550.12,9654.64
1581955200000,9654.64,9737.55,9630.23,9685.81
1581958800000,9685.01,9709.99,9591.39,9658.84
1581962400000,9646.81,9674.52,9595.2,9674.52
1581966000000,9662.86,9692.9,9632.36,9682.94
1581969600000,9679.86,9715.8,9621.94,9635.82
1581973200000,9635.82,9681.16,9613.77,9640.01
1581976800000,9649.97,9664.27,9616.15,9629.82
1581980400000,9629.82,9731.2,9612.81,9697.15
1581984000000,9725.57,9725.59,9631.16,9676.56
1581987600000,9666.53,9755.53,9666.53,9721.42
1581991200000,9722.6,9776.64,9704.07,9715.18
1581994800000,9719.81,9757.23,9683.12,9723.87
1581998400000,9724.51,9810,9724.51,9800.84
1582002000000,9810,9824.71,9777.82,9795
1582005600000,9795,9825,9758.01,9774.47
1582009200000,9792.74,9823.95,9772.11,9807.58
1582012800000,9801,9812.53,9750,9766.6
1582016400000,9753.88,9759.88,9665.22,9710.92
1582020000000,9704.31,9751.99,9650.01,9739.28
1582023600000,9739.28,9765.51,9693.11,9724.58
1582027200000,9724.58,9738.93,9658.58,9682.51
1582030800000,9682.22,9691.99,9602.6,9640.63
1582034400000,9640.63,9731.2,9640.63,9715.84
1582038000000,9715.84,9888,9715.84,9863.15
1582041600000,9854.59,9946,9850.7,9946
1582045200000,9939.1,9980.06,9900,9965.72
1582048800000,9962.15,10071.39,9962.15,9995.4
1582052400000,9990.8,10071.99,9985,10070
1582056000000,10065.77,10185.52,10052.85,10167.42
1582059600000,10167.01,10288,10067.82,10153.41
1582063200000,10155,10200,10100,10191.11
1582066800000,10191.11,10250.37,10156.27,10185.17
1582070400000,10190.3,10214.98,10113.44,10123.97
1582074000000,10129.1,10174,10120.98,10138.46
1582077600000,10149.39,10189.68,10133.1,10178.27
1582081200000,10169.58,10195.4,10139.39,10160.1
1582084800000,10165.31,10188.63,10107.7,10128.1
1582088400000,10128.05,10150,10104.35,10139.5
1582092000000,10135.85,10140,10069.34,10084.05
1582095600000,10086.56,10107.09,10055.01,10074.76
1582099200000,10072.85,10178.54,10031.39,10170.82
1582102800000,10170.82,10174.99,10115,10138.13
1582106400000,10138.04,10162.97,10095.53,10134.76
1582110000000,10133,10229.49,10131.9,10220.57
1582113600000,10219.38,10255.07,10073.69,10123.25
1582117200000,10130.09,10173.27,10101,10134.87
1582120800000,10133.88,10178.54,10122.3,10138.37
1582124400000,10140.33,10159,10113.59,10127.7
1582128000000,10127.79,10203.1,10104.14,10190.99
1582131600000,10181.53,10300,10133.1,10168.33
1582135200000,10170.78,10216.32,10152.73,10207.55
1582138800000,10209.56,10230.46,10153.48,10154.14
1582142400000,10165.47,10168.13,10067,10159.05
1582146000000,10167.33,10167.33,9312,9622.29
1582149600000,9620.73,9706.94,9514.96,9700
1582153200000,9695.42,9705.55,9576.63,9595.72
1582156800000,9589.1,9649.86,9573.74,9624.78
1582160400000,9624.77,9645.85,9594.49,9600
1582164000000,9600,9616.53,9484.16,9571.67
1582167600000,9575,9599.31,9533.68,9575.6
1582171200000,9575.59,9597.2,9530,9575.28
1582174800000,9566.31,9575.28,9526.83,9568.91
1582178400000,9568.91,9625.55,9536.32,9620.93
1582182000000,9615.16,9626.99,9585.32,9602.64
1582185600000,9597.33,9602.93,9534.04,9577.23
1582189200000,9571.32,9601.24,9544.15,9600.97
1582192800000,9598.01,9634.5,9567.05,9608.34
1582196400000,9598.32,9634.5,9555,9562.96
1582200000000,9573.15,9599.76,9526.21,9562.15
1582203600000,9556.78,9599.99,9525.7,9588.86
1582207200000,9599.99,9628.34,9568,9596.66
1582210800000,9603.09,9618.81,9566,9577.81
1582214400000,9581.84,9706.27,9396.91,9636.6
1582218000000,9647.83,9661.64,9435.82,9502.15
1582221600000,9511.45,9586.5,9452.73,9528.81
1582225200000,9539.67,9582.97,9519.63,9553.51
1582228800000,9552.65,9595.24,9532.75,9580.01
1582232400000,9580.05,9631.15,9557.38,9616.56
1582236000000,9604.72,9669.08,9583.14,9619.8
1582239600000,9614.37,9637.29,9592.46,9612.76
1582243200000,9610.4,9620.87,9574.96,9601.12
1582246800000,9601.12,9663.18,9584.35,9654.05
1582250400000,9654.05,9674.75,9639.13,9661.16
1582254000000,9652.74,9727.26,9616.05,9711.24
1582257600000,9711.24,9748.76,9678.35,9704.11
1582261200000,9697.08,9720.92,9658.26,9686
1582264800000,9687.21,9717.19,9665.71,9686.01
1582268400000,9686.14,9710.29,9658.01,9695.31
1582272000000,9685.73,9704.39,9617.22,9642.97
1582275600000,9645.62,9686,9618.47,9683.1
1582279200000,9684.53,9729.4,9659.76,9686.53
1582282800000,9701.1,9733.59,9689.76,9705.47
1582286400000,9710.28,9773.2,9704.58,9754.33
1582290000000,9764.39,9766.91,9696.78,9741.44
1582293600000,9742.9,9761.94,9675.17,9680.02
1582297200000,9681.58,9748.05,9671.08,9730.85
1582300800000,9741.57,9765.24,9701.01,9746.22
1582304400000,9735.92,9744.64,9701.01,9716.08
1582308000000,9716.08,9736.54,9705.52,9710.02
1582311600000,9710.02,9731.24,9675,9687.44
1582315200000,9684.97,9743.6,9562.6,9713.42
1582318800000,9713.42,9723.47,9634.52,9676.65
1582322400000,9676.65,9676.65,9640.48,9670.84
1582326000000,9670.84,9727.88,9656.9,9696.13
1582329600000,9696.13,9722.39,9673.61,9694.32
1582333200000,9696.01,9702.59,9662.71,9665.12
1582336800000,9666.59,9676.79,9645.75,9656.95
1582340400000,9662.17,9695.69,9653.99,9674
1582344000000,9674,9684.89,9622.2,9631.32
1582347600000,9636.63,9659.79,9600,9621.71
1582351200000,9620.93,9635.14,9568.51,9621.18
1582354800000,9613.79,9633.69,9594.24,9609.74
1582358400000,9603.04,9677.32,9600.58,9649.94
1582362000000,9646.91,9650.97,9600,9631.41
1582365600000,9623.87,9659.03,9623.87,9642.21
1582369200000,9645.19,9662.01,9629.56,9648.49
1582372800000,9648,9682.73,9648,9672.22
1582376400000,9672.22,9680.08,9648.67,9667.65
1582380000000,9667.65,9690.84,9650,9655.35
1582383600000,9653.63,9667.22,9626.84,9648.97
1582387200000,9648.97,9669.39,9616.18,9654.56
1582390800000,9659.15,9700.02,9645.51,9667.45
1582394400000,9672.64,9689.75,9658.19,9679.97
1582398000000,9679.97,9695.38,9674.12,9688.43
1582401600000,9679.02,9719.99,9679.02,9699.67
1582405200000,9699.67,9706,9686.5,9696.54
1582408800000,9697.49,9697.49,9670.98,9677.61
1582412400000,9677.61,9703.34,9659.47,9668.13
1582416000000,9664.08,9701.69,9664.08,9697.57
1582419600000,9697.57,9699.99,9672.02,9677
1582423200000,9676.93,9700,9673.6,9700
1582426800000,9698.41,9819.99,9689.75,9818.49
1582430400000,9820,9956.55,9820,9864.66
1582434000000,9875.02,9914.7,9859.02,9895.4
1582437600000,9895.86,9947.38,9890.7,9922.95
1582441200000,9922.02,9940,9900.94,9915.52
1582444800000,9912.25,9926.54,9896.51,9909.9
1582448400000,9908.73,9945.47,9900,9915.98
1582452000000,9911.89,10024.08,9865.69,9878.31
1582455600000,9878.22,9914.75,9841.06,9857.5
1582459200000,9866.89,9899.39,9839.13,9864.37
1582462800000,9868.82,9924.5,9866.58,9898.78
1582466400000,9899.05,9930,9876.51,9917.55
1582470000000,9929.5,9930,9869.73,9885.43
1582473600000,9884.19,9916.37,9867.18,9899
1582477200000,9906.22,9922.46,9883.41,9903.43
1582480800000,9893.98,9915,9887.29,9903.75
1582484400000,9903.75,9922.02,9891.25,9900.01
1582488000000,9906.64,9906.67,9867.81,9886.91
1582491600000,9887.2,9899.78,9877.76,9879.09
1582495200000,9888.35,9939.09,9874.37,9922.66
1582498800000,9924.32,10002.18,9915,9965.21
1582502400000,9969.79,10027.66,9932.48,9968.6
1582506000000,9977.27,9977.27,9878.09,9911.95
1582509600000,9900.94,9940.37,9586.5,9754.87
1582513200000,9751.88,9803.3,9741.13,9778.86
1582516800000,9764.3,9774.95,9736.29,9766.98
1582520400000,9764.29,9776,9734.94,9767.17
1582524000000,9768.16,9783.23,9720.76,9736.9
1582527600000,9728.45,9771.49,9677.26,9753.07
1582531200000,9758.57,9779.92,9750.28,9770.82
1582534800000,9763.58,9779.21,9697.86,9712.48
1582538400000,9720,9761.22,9703.71,9761.07
1582542000000,9750.62,9829.77,9742.54,9821.49
1582545600000,9824.33,9850,9779.11,9802.5
1582549200000,9802.5,9822.04,9738.28,9752.5
1582552800000,9754.8,9836.38,9730,9744.62
1582556400000,9753.23,9785.15,9673.69,9712.22
1582560000000,9701,9742.55,9634.5,9650.5
1582563600000,9650.5,9662.72,9573.94,9598.64
1582567200000,9600,9600,9480,9575.79
1582570800000,9575.71,9648.35,9560.27,9592.99
1582574400000,9598.63,9646.83,9556.32,9587.52
1582578000000,9587.52,9619.16,9556.47,9607.21
1582581600000,9607.21,9652.4,9597.35,9631.22
1582585200000,9640.98,9671.28,9607.96,9652.58
1582588800000,9664.87,9676.56,9600,9612
1582592400000,9621.63,9648.11,9570.01,9584.09
1582596000000,9584.08,9625.52,9563.92,9605
1582599600000,9605,9626.18,9567.53,9572.81
1582603200000,9570.04,9606.54,9552.01,9566.24
1582606800000,9566.24,9597.61,9533,9564.1
1582610400000,9555.2,9581.4,9500,9536.84
1582614000000,9541.1,9541.1,9480,9510
1582617600000,9510,9586.5,9495.82,9548
1582621200000,9548,9599.18,9546.62,9573.05
1582624800000,9569,9582,9542,9560
1582628400000,9560,9658.31,9491.23,9637.52
1582632000000,9640.22,9682.73,9595.97,9612.48
1582635600000,9612.4,9629.61,9549.7,9568.73
1582639200000,9568.59,9572.29,9350,9400.13
1582642800000,9400.96,9434.15,9360.03,9388.59
1582646400000,9388.55,9521.09,9288.42,9312.47
1582650000000,9300,9373.48,9277,9330.4
1582653600000,9325.5,9390,9310.5,9378.13
1582657200000,9376.37,9376.37,9310.46,9341.07
1582660800000,9341.26,9376.46,9286.02,9324.67
1582664400000,9317.54,9409.16,9234.21,9381.11
1582668000000,9375.16,9420.4,9355.3,9391.17
1582671600000,9392.38,9392.38,9297.88,9305.4
1582675200000,9305.4,9369.99,9289,9297.38
1582678800000,9297.39,9325.74,9188.96,9188.96
1582682400000,9188.96,9215.53,9092,9190.99
1582686000000,9196.63,9196.78,9116.08,9147.8
1582689600000,9147.69,9170.69,9097.68,9158.78
1582693200000,9159.03,9196.84,9122.63,9194.67
1582696800000,9181.4,9211.07,9158.77,9210.91
1582700400000,9210.85,9211.07,9117.37,9126.79
1582704000000,9126.79,9217.43,9096.79,9173.19
1582707600000,9187.72,9191.19,9100,9117.92
1582711200000,9102.88,9180,9074.11,9169.09
1582714800000,9158.37,9167.85,9121.79,9142.66
1582718400000,9149.2,9280.33,9021.22,9268.53
1582722000000,9261.47,9273.99,9030.06,9072.4
1582725600000,9071.75,9110.34,8961.53,9021.07
1582729200000,9035.47,9038.67,8928.52,8975.93
1582732800000,8975.93,9020,8627.78,8736.63
1582736400000,8730.51,8784.29,8644.45,8723.48
1582740000000,8723.48,8835.08,8706.61,8828.07
1582743600000,8820,8850.34,8770,8826.26
1582747200000,8826.26,8850.34,8762.21,8791.93
1582750800000,8790.51,8833.07,8740.54,8740.56
1582754400000,8740.56,8828.26,8707.05,8784.64
1582758000000,8772.82,8830.03,8772.82,8779.36
1582761600000,8778.37,8783.66,8603.48,8636.43
1582765200000,8636.43,8709.32,8520,8678
1582768800000,8690.79,8735.28,8644.17,8683.65
1582772400000,8686.27,8762.37,8636.04,8728.01
1582776000000,8733.11,8743.61,8664.75,8708.11
1582779600000,8712.05,8777.46,8700.02,8753.64
1582783200000,8761.53,8817.91,8744.54,8805.48
1582786800000,8805.48,8821.74,8756.34,8818.86
1582790400000,8818.85,8850.34,8772.41,8780.98
1582794000000,8781.08,8837.75,8740.54,8740.54
1582797600000,8748.81,8820.14,8732.89,8806.88
1582801200000,8819.03,8828.27,8775.86,8808.69
1582804800000,8808.67,8939.18,8736.41,8776.36
1582808400000,8776.36,8846.7,8745,8818.03
1582812000000,8818.04,8882.22,8795.61,8859.77
1582815600000,8859.42,8900,8821.26,8849.23
1582819200000,8841.41,8974.75,8841.4,8941.88
1582822800000,8941.65,8955.69,8883.98,8920
1582826400000,8914.19,8941.38,8868.96,8883.41
1582830000000,8889.39,8924.82,8851.24,8916.21
1582833600000,8910.58,8923.16,8864.05,8880.08
1582837200000,8887.85,8901.44,8740.54,8757.57
1582840800000,8757.57,8807.24,8675.31,8782.97
1582844400000,8789.09,8816.5,8750.83,8816.5
1582848000000,8816.5,8900.94,8782.14,8858.48
1582851600000,8850.44,8900.81,8809.3,8897.78
1582855200000,8889.51,8900.5,8845.29,8869.27
1582858800000,8878.02,8892.77,8835,8835.21
1582862400000,8835,8865.65,8815.57,8826.14
1582866000000,8828.47,8838.2,8776.26,8789.45
1582869600000,8785.59,8808.01,8763.89,8789.01
1582873200000,8784.43,8793.01,8698.18,8719.59
1582876800000,8722.3,8781.16,8701.28,8703.23
1582880400000,8703.48,8731.96,8578,8597.07
1582884000000,8603.22,8646.77,8534.01,8588.68
1582887600000,8582.56,8639.9,8550.1,8573.77
1582891200000,8583.88,8590.17,8421.49,8510.01
1582894800000,8508.02,8697,8480.97,8650.57
1582898400000,8662.12,8681.59,8551.44,8657.29
1582902000000,8657.68,8719.75,8618.73,8705.9
1582905600000,8705.05,8728.67,8632.1,8643.15
1582909200000,8638.33,8647.2,8492.08,8558.15
1582912800000,8560.03,8595.09,8515,8543.42
1582916400000,8542.81,8599.52,8514,8571.34
1582920000000,8564.1,8712.86,8560.13,8618
1582923600000,8621.07,8695.78,8611.59,8666.05
1582927200000,8666.05,8791.02,8663.23,8778.97
1582930800000,8791.02,8806.26,8683.98,8703.84
1582934400000,8710,8782.56,8703.65,8730.6
1582938000000,8730.6,8751.21,8675.72,8686.89
1582941600000,8680.07,8740,8679.69,8732.1
1582945200000,8721,8750,8687.46,8729.43
1582948800000,8734.46,8771.94,8732.43,8760.99
1582952400000,8754.54,8783.2,8745.34,8777.6
1582956000000,8777.6,8805.06,8713.16,8736.51
1582959600000,8725.06,8783.06,8718.39,8773.53
1582963200000,8764.91,8784.39,8733.84,8756.11
1582966800000,8757.76,8764.8,8689.06,8705.39
1582970400000,8705.2,8733.54,8634.77,8642.23
1582974000000,8642.02,8722.85,8616.66,8714.64
1582977600000,8707.62,8709.25,8657.25,8678.67
1582981200000,8677.68,8677.68,8614.74,8647.74
1582984800000,8640.23,8649.63,8580.65,8631.92
1582988400000,8635.62,8691.37,8595.03,8659.3
1582992000000,8669.03,8677.53,8606.08,8617.38
1582995600000,8614,8660.55,8601.16,8660.55
1582999200000,8651.58,8684.79,8644.02,8665.35
1583002800000,8668.38,8680,8632.84,8680
1583006400000,8674.04,8674.04,8645.63,8653.67
1583010000000,8659.02,8666.72,8611,8635.41
1583013600000,8638.94,8639.93,8589.15,8629.07
1583017200000,8638.75,8656.28,8525,8527.74
1583020800000,8525,8610.57,8520,8540.7
1583024400000,8534.58,8649.67,8499.19,8648.04
1583028000000,8647.21,8675.18,8613.26,8634.07
1583031600000,8633.1,8660,8608.47,8608.47
1583035200000,8610.77,8628.55,8552.34,8579.49
1583038800000,8573.67,8594.06,8531.49,8581.28
1583042400000,8580.24,8588.24,8515.79,8546.12
1583046000000,8537.55,8564.73,8516.02,8534.07
1583049600000,8534.08,8593.27,8515,8530.52
1583053200000,8526.83,8594.58,8515,8540.3
1583056800000,8540.82,8584.82,8533.98,8571.08
1583060400000,8568,8653.68,8548.38,8648.37
1583064000000,8644.45,8756.11,8546.31,8578.32
1583067600000,8578.1,8631.5,8534.87,8608.23
1583071200000,8615.22,8631.99,8552.88,8567.63
1583074800000,8569.7,8603.25,8539.64,8554.7
1583078400000,8554.59,8578.09,8446,8520.43
1583082000000,8520.5,8520.6,8450,8491.29
1583085600000,8501.43,8503.91,8440.28,8440.28
1583089200000,8448.4,8567.68,8410,8535.49
1583092800000,8533.71,8562.43,8475.4,8484.55
1583096400000,8480.95,8525,8461.38,8506.2
1583100000000,8519.43,8567.68,8502.88,8547.97
1583103600000,8555.57,8580,8521.92,8528.95
1583107200000,8516,8562.47,8486.72,8546.61
1583110800000,8552.09,8564.33,8503.9,8551.64
1583114400000,8551.64,8650.47,8548.67,8624.36
1583118000000,8633.43,8646.1,8599.19,8608.06
1583121600000,8600.56,8645,8594.85,8645
1583125200000,8644.88,8659.08,8613.96,8659.08
1583128800000,8649.9,8696.97,8623,8623
1583132400000,8624,8647.72,8593.64,8622.51
1583136000000,8622.51,8669.73,8611.1,8667.54
1583139600000,8667.54,8705.96,8649.49,8690.72
1583143200000,8690.94,8762.39,8690.94,8723.4
1583146800000,8719.32,8776.21,8711.42,8747.34
1583150400000,8757.34,8778.29,8715,8757.3
1583154000000,8757.09,8851.76,8749.93,8825.9
1583157600000,8834.88,8891.93,8810.47,8821.36
1583161200000,8820.1,8859.72,8771.37,8836.17
1583164800000,8828.88,8882.45,8821.18,8861.37
1583168400000,8870.24,8919.97,8858.79,8873.87
1583172000000,8874.01,8902,8843.29,8862.94
1583175600000,8862.7,8897.88,8830.93,8888.01
1583179200000,8888.35,8896.26,8856.92,8894.99
1583182800000,8894.99,8959,8881.92,8941.3
1583186400000,8941.2,8980.34,8918.02,8918.02
1583190000000,8912.76,8927.99,8888.86,8917.34
1583193600000,8917.34,8921.8,8828.27,8848.38
1583197200000,8845.6,8874.58,8828.27,8828.27
1583200800000,8825.01,8879.76,8813,8879.76
1583204400000,8880.4,8898.3,8851.02,8880.01
1583208000000,8873.68,8873.68,8831.88,8842.28
1583211600000,8843.73,8865.92,8819.9,8853.87
1583215200000,8853.89,8862.42,8765.77,8781.51
1583218800000,8781.57,8791.38,8746.76,8762.86
1583222400000,8752.88,8804.68,8740.54,8783.68
1583226000000,8781.27,8834,8756.56,8831.41
1583229600000,8832.44,8880,8809.11,8834.32
1583233200000,8838.61,8882.35,8836.02,8874.3
1583236800000,8875.03,8916.87,8777.43,8797.42
1583240400000,8806.55,8820.18,8767.74,8817.58
1583244000000,8817.57,8817.57,8715.01,8739.46
1583247600000,8746.65,8894.78,8674.69,8759.7
1583251200000,8752.13,8786,8660.04,8704.98
1583254800000,8705.61,8736.46,8687.2,8720.35
1583258400000,8726.39,8731.76,8682,8709.5
1583262000000,8722.6,8723.74,8669.73,8704.9
1583265600000,8715.84,8726.11,8688,8709.4
1583269200000,8702.66,8747.1,8702.66,8729.42
1583272800000,8729.11,8794.99,8719.49,8771.36
1583276400000,8771.52,8790,8750.01,8755.45
1583280000000,8755.45,8787.26,8722.83,8770.94
1583283600000,8770.94,8823.21,8770.94,8786.53
1583287200000,8798,8835.36,8789.46,8801.52
1583290800000,8814.77,8820.14,8780.53,8784.54
1583294400000,8790.94,8842.25,8782.35,8825.52
1583298000000,8825.52,8849.98,8800.37,8837.37
1583301600000,8834.62,8850,8776.11,8789.24
1583305200000,8789.24,8834.49,8789.24,8814.67
1583308800000,8817.36,8835.34,8790.12,8822.59
1583312400000,8822,8827.48,8751.49,8751.49
1583316000000,8756.76,8770.26,8727.85,8737.42
1583319600000,8737.41,8751,8702.28,8723.96
1583323200000,8723.96,8755,8706.05,8727.23
1583326800000,8727.77,8763,8725.03,8762.51
1583330400000,8752.22,8790.05,8713.35,8722.68
1583334000000,8722.76,8769.88,8663.76,8703.81
1583337600000,8703.81,8724.5,8675.31,8720.43
1583341200000,8715,8741,8706.36,8723.76
1583344800000,8732.07,8738.72,8690.12,8725.99
1583348400000,8730.16,8754.95,8712.4,8746.69
1583352000000,8746.68,8746.68,8691.43,8712.07
1583355600000,8712.07,8735,8694.95,8727.37
1583359200000,8734.42,8754,8725.56,8752.1
1583362800000,8752.1,8773.67,8741.01,8753.28
1583366400000,8757.79,8889,8757.79,8865.41
1583370000000,8871.4,8894.65,8838.78,8877.84
1583373600000,8881.05,8957.03,8862.29,8937.96
1583377200000,8937.97,8961.53,8876.66,8876.68
1583380800000,8879.58,8927.22,8872.06,8906.01
1583384400000,8906.01,8958,8901.49,8933.42
1583388000000,8937.74,8960.75,8910,8941.3
1583391600000,8934.2,8949.03,8888.03,8902.5
1583395200000,8903.75,8933.2,8900.01,8933.2
1583398800000,8933.2,9095,8919.35,9081
1583402400000,9089.61,9099.99,9056.01,9094
1583406000000,9094,9126.85,9075.67,9115.81
1583409600000,9113.31,9149.98,9081.53,9089.58
1583413200000,9093.09,9099.75,9049,9090.04
1583416800000,9089.56,9106.98,9036,9037.46
1583420400000,9036,9102.26,9030,9096.45
1583424000000,9093.35,9138.07,9075.42,9092.62
1583427600000,9099.06,9132.59,9075.44,9112.25
1583431200000,9107.08,9136.68,9089.61,9120.25
1583434800000,9123.91,9169,9102.46,9160.28
1583438400000,9163.03,9167.71,9086.14,9123.51
1583442000000,9130,9151.84,9096.3,9119.45
1583445600000,9112.04,9143.04,9074.11,9074.11
1583449200000,9074.11,9091.29,9042.38,9066.65
1583452800000,9059,9081.82,8990.01,8999.42
1583456400000,9003.38,9050.34,8995.96,9028.14
1583460000000,9028.14,9094.88,9022.75,9070.51
1583463600000,9064.32,9081.51,9042.29,9052.64
1583467200000,9049.99,9071.62,9018.23,9056.31
1583470800000,9062.07,9131.03,9052.96,9126.36
1583474400000,9120.14,9133,9102.86,9111.29
1583478000000,9105.58,9149.43,9104.25,9114.09
1583481600000,9107.57,9130.82,9084.92,9128.14
1583485200000,9122.27,9138,9109.16,9130.89
1583488800000,9129.88,9165.19,9108.69,9154.61
1583492400000,9160.69,9187.85,9136.05,9142.65
1583496000000,9137.68,9144.44,9102.87,9126.55
1583499600000,9119.43,9138.58,9058.05,9070.42
1583503200000,9079.06,9121.34,9063.5,9082.5
1583506800000,9083.1,9104.3,9019.72,9019.72
1583510400000,9029.41,9092.69,9022.82,9067.19
1583514000000,9073.67,9101.05,9067.21,9089.5
1583517600000,9094.72,9098.34,9075,9083
1583521200000,9089.4,9119.53,9075.36,9106.42
1583524800000,9106.42,9128.3,9102.26,9117.33
1583528400000,9117.33,9140,9116.9,9130.38
1583532000000,9139.75,9142.33,9078.16,9129.99
1583535600000,9129.99,9160.8,9116.45,9153.79
1583539200000,9154.1,9171.81,9118.56,9140.77
1583542800000,9140.23,9152.31,9092.59,9109.08
1583546400000,9109.08,9129.15,9093.24,9113.33
1583550000000,9112.81,9135.96,9102.68,9114.7
1583553600000,9113.98,9130.66,9078.08,9090.01
1583557200000,9090.01,9103.73,9079.55,9100.94
1583560800000,9095.82,9115.57,9088.05,9097.85
1583564400000,9088.69,9114.03,9066.48,9097.61
1583568000000,9100.82,9133.03,9098.08,9127.85
1583571600000,9127.83,9139.53,9107.01,9133.01
1583575200000,9133,9141.69,9110.82,9112.59
1583578800000,9113.23,9125.09,9088.48,9113.99
1583582400000,9113.91,9158.01,9099.08,9105.52
1583586000000,9106.33,9129.74,9088,9104.86
1583589600000,9104.86,9130,9097.01,9125.88
1583593200000,9129.98,9138.8,9112.92,9130.51
1583596800000,9138.58,9219.13,9028.9,9051.12
1583600400000,9053.02,9053.02,8916.89,8933.98
1583604000000,8939.75,8939.75,8859.49,8892.45
1583607600000,8886.45,8909.99,8866,8895
1583611200000,8895,8909.75,8861.74,8885.44
1583614800000,8892.31,8900.67,8875.59,8883.87
1583618400000,8882.23,8930,8880.55,8914.15
1583622000000,8921.18,8922.72,8873.5,8893.93
1583625600000,8901.12,8901.12,8736.6,8788.34
1583629200000,8788.47,8798,8750.32,8763.1
1583632800000,8763.4,8783.76,8726.14,8729.17
1583636400000,8729.9,8771.05,8717,8752.52
1583640000000,8758.82,8759.47,8733.73,8751.26
1583643600000,8751.26,8755.58,8727.82,8737.09
1583647200000,8737.08,8745.23,8710.36,8736.72
1583650800000,8731.44,8762.12,8731.44,8757.46
1583654400000,8750.52,8756.97,8726.49,8742.35
1583658000000,8742.35,8759.52,8718.13,8729.06
1583661600000,8722.69,8755,8675.31,8751.23
1583665200000,8750.63,8764,8725,8749.25
1583668800000,8756.01,8758.97,8653.68,8688.85
1583672400000,8691.42,8702.83,8604.84,8658.66
1583676000000,8656.51,8682.69,8564,8585.23
1583679600000,8585.23,8605.97,8335.56,8399.53
1583683200000,8405.44,8405.44,8151,8286.98
1583686800000,8286.98,8368.24,8254.03,8323.85
1583690400000,8316.87,8333.15,8275.53,8296.44
1583694000000,8301,8314.27,8270.8,8287.29
1583697600000,8282.91,8312.44,8271.75,8275.33
1583701200000,8270.84,8296.18,8211.62,8265.87
1583704800000,8253.5,8287.54,8161.37,8166.69
1583708400000,8166.69,8252.72,7995.48,8033.7
1583712000000,8035.79,8191.13,8011.62,8082.82
1583715600000,8082.82,8137.45,8040.32,8095.4
1583719200000,8087.13,8098.65,8029.14,8029.15
1583722800000,8040,8109.74,8000,8069.77
1583726400000,8075.55,8075.55,7811.62,7865.81
1583730000000,7855.85,7969.22,7684.7,7936
1583733600000,7942.18,8005.01,7860,7889
1583737200000,7893.86,7938.88,7883.85,7905.61
1583740800000,7904.57,8001.55,7903.12,7988.38
1583744400000,7982.36,7990.08,7890.03,7897.54
1583748000000,7897.62,7938.12,7890.03,7890.03
1583751600000,7900.38,7900.38,7767.57,7816.41
1583755200000,7816.42,7924.53,7775.56,7879.99
1583758800000,7882.38,7898.77,7705.14,7795.83
1583762400000,7801.8,7847.37,7692,7731.1
1583766000000,7725.97,7773.49,7636,7760.78
1583769600000,7761.66,7874.61,7690,7783.79
1583773200000,7789.7,7796.84,7703.43,7730
1583776800000,7725.06,7782.02,7715.53,7754.6
1583780400000,7746,7890,7746,7845.8
1583784000000,7845.62,7896.78,7792.14,7863.5
1583787600000,7861.88,7884.62,7817.21,7828.81
1583791200000,7839.47,7889.25,7827.66,7878.96
1583794800000,7878.96,7942.23,7836.65,7936.25
1583798400000,7937.2,7949.35,7891.15,7930.78
1583802000000,7940,7966.2,7891.15,7896.8
1583805600000,7897.28,7927.48,7840,7854.39
1583809200000,7856.03,7920.28,7845.74,7900.52
1583812800000,7907.25,7949.35,7903.92,7937.72
1583816400000,7931.26,7949.35,7900.31,7937.2
1583820000000,7936.75,7955.76,7913.41,7922.69
1583823600000,7922.71,7922.71,7868.87,7905.38
1583827200000,7906.97,7929.53,7886.32,7910.54
1583830800000,7902.45,7909.05,7872.44,7888.69
1583834400000,7881.23,8070.83,7878.98,8038.93
1583838000000,8045.32,8119.38,8036.77,8074.66
1583841600000,8074.45,8154.4,8063.62,8150.6
1583845200000,8148.99,8158.42,8012.98,8073.32
1583848800000,8076.41,8113.8,8032.21,8039.17
1583852400000,8043.83,8047.65,7748.36,7755.03
1583856000000,7762.86,7851.94,7733.99,7843.03
1583859600000,7842.99,7911.76,7818.06,7872.07
1583863200000,7874,7898.47,7799.58,7876.82
1583866800000,7870,7984.19,7847.35,7984.19
1583870400000,7984.19,8032.21,7910.03,8004.42
1583874000000,8002.65,8041.84,7945.98,7961.98
1583877600000,7970.3,8022.58,7943.93,7965.66
1583881200000,7956.79,7959.14,7870.11,7885.92
1583884800000,7893.63,7959.25,7861.68,7942.08
1583888400000,7948.08,7969.7,7900.4,7924.68
1583892000000,7927.69,7950.59,7889.02,7908.68
1583895600000,7901.66,7943.2,7882.43,7925.96
1583899200000,7924.03,7951.72,7902.51,7911.54
1583902800000,7906.85,7920.49,7827.24,7852.62
1583906400000,7852.62,7888.26,7829.58,7830.16
1583910000000,7825.49,7879.55,7823.06,7869.61
1583913600000,7863.99,7929.03,7790.08,7836.75
1583917200000,7836.75,7851.26,7808.77,7826.81
1583920800000,7832,7870.06,7766.97,7842.51
1583924400000,7852.17,7876.41,7813.68,7829.09
1583928000000,7833.72,7866.96,7813.68,7857.29
1583931600000,7857.29,7906.4,7835.79,7859.42
1583935200000,7854.39,7870.92,7793.87,7803.14
1583938800000,7803.14,7834.78,7739.07,7780.88
1583942400000,7793.75,7832.38,7757.66,7762.81
1583946000000,7769.16,7775.64,7644.51,7664.7
1583949600000,7675.77,7825.37,7591.99,7795.36
1583953200000,7795.65,7849.41,7757.66,7829.8
1583956800000,7841.13,7879.55,7823.06,7867.11
1583960400000,7866.98,7879.55,7800.1,7811.62
1583964000000,7811.82,7988.78,7804.53,7957.27
1583967600000,7970.48,7983.73,7912.87,7934.57
1583971200000,7956.29,7969.9,7901.75,7926.05
1583974800000,7918.04,7944.77,7696.72,7717.3
1583978400000,7713.21,7762.76,7572.35,7638.8
1583982000000,7642,7700.48,7597.45,7662.3
1583985600000,7664.58,7664.58,7560.31,7615.7
1583989200000,7616.77,7652.62,7591.99,7651.1
1583992800000,7650.69,7650.69,7456.64,7494.4
1583996400000,7496.94,7496.94,7340,7387.43
1584000000000,7382.41,7465,7303,7363.31
1584003600000,7363.53,7384.92,7330.81,7342.49
1584007200000,7342.49,7360,5965.24,6334.44
1584010800000,6334.46,6426.27,5720.54,6030.94
1584014400000,6004.32,6289.03,5850,6025.42
1584018000000,5998.21,6066.78,5713.68,5966.77
1584021600000,5979.93,6184.32,5875.7,6081.74
1584025200000,6100.69,6153.86,6023.28,6124.91
1584028800000,6134.86,6184.32,5948.68,6081.85
1584032400000,6091.06,6242.56,6066.78,6112.61
1584036000000,6112.61,6157.5,5975.05,5983.43
1584039600000,5988.65,6093.3,5975.77,6032.9
1584043200000,6040.73,6049.38,5591.66,5715.09
1584046800000,5716.34,5859.21,5564.9,5791.69
1584050400000,5785.56,5930.1,5659.13,5801.77
1584054000000,5798.25,5798.25,4776.59,4841.67
1584057600000,4841.67,5086.21,4384.34,4671.37
1584061200000,4671.14,4773.93,4007.14,4111.78
1584064800000,4115.92,5426.5,3850,5049.75
1584068400000,5062.17,5640.52,5019.4,5365.42
1584072000000,5362.37,5387.83,4851.24,4865.87
1584075600000,4861.55,5200,4861.55,4980.05
1584079200000,4988.23,5253.6,4882.99,5246.04
1584082800000,5250.55,5472.25,5092.32,5431.52
1584086400000,5432.55,5643.75,5240,5350
1584090000000,5355,5848,5338.32,5842.71
1584093600000,5800.39,5842.71,5558.23,5638.07
1584097200000,5654.28,5654.28,5336.15,5454.18
1584100800000,5453.07,5741.16,5426.99,5620.29
1584104400000,5635.61,5990.35,5531.64,5635.53
1584108000000,5651.5,5859.41,5329.76,5423.14
1584111600000,5439.34,5459.7,4975,5250.68
1584115200000,5239.06,5434,5074.03,5217.07
1584118800000,5210.84,5336.15,5128.98,5217.89
1584122400000,5210,5210,4850.01,5024.81
1584126000000,5013.93,5588.2,4955,5453.51
1584129600000,5459.14,5538.27,5316.99,5444
1584133200000,5443.99,5672.72,5426.36,5580.96
1584136800000,5570.14,5686.34,5514.61,5685
1584140400000,5686.27,5777.63,5505.16,5622.74
1584144000000,5623.16,5635.88,5446.06,5491.7
1584147600000,5499.45,5550.7,5349.09,5524.63
1584151200000,5524.49,5611.82,5437.24,5604.35
1584154800000,5594.98,5663.01,5563.71,5605.1
1584158400000,5612.42,5612.43,5446.06,5543.24
1584162000000,5543.24,5571.58,5453.96,5463.87
1584165600000,5463.77,5504.03,5424.9,5455.01
1584169200000,5456.5,5538.32,5428,5529.52
1584172800000,5527.76,5538.04,5291.55,5380.92
1584176400000,5376.57,5393.61,5222.2,5261.15
1584180000000,5254.34,5452.6,5209.69,5431.35
1584183600000,5431.35,5531.63,5388.46,5492.27
1584187200000,5482.54,5493.62,5330,5451.73
1584190800000,5448.54,5479.15,5290,5308.28
1584194400000,5306.33,5420,5297.2,5380.89
1584198000000,5386.12,5433.02,5311.88,5320.91
1584201600000,5326.56,5489.47,5268,5402.88
1584205200000,5401.62,5424.18,5355.37,5409.65
1584208800000,5404.26,5511.77,5393.81,5455.24
1584212400000,5462.84,5501.75,5390.14,5391.92
1584216000000,5392.48,5433.04,5288,5329.11
1584219600000,5336.56,5352,5272.76,5296.5
1584223200000,5292.84,5329.76,5190.98,5283.74
1584226800000,5272.54,5274.73,5051,5169.37
1584230400000,5167.38,5271.48,5092.34,5196.31
1584234000000,5188.55,5222.2,5125.18,5132.71
1584237600000,5143.5,5215.94,5134.76,5185.72
1584241200000,5185.79,5209.69,5155.39,5168.25
1584244800000,5175.4,5278.87,5175.4,5257.94
1584248400000,5254.96,5278.3,5203.44,5245.34
1584252000000,5241.84,5297.89,5241.84,5289.99
1584255600000,5289.98,5323.37,5235.79,5270.14
1584259200000,5263.28,5266.31,5215,5230.6
1584262800000,5230.17,5259.91,5205.48,5244.26
1584266400000,5243.67,5489,5228.08,5437.07
1584270000000,5443.66,5462.91,5394.06,5431.4
1584273600000,5437.45,5585.11,5266.32,5301.05
1584277200000,5300.52,5362.02,5295.5,5327.36
1584280800000,5333.11,5353.85,5240,5303.19
1584284400000,5301.64,5352.74,5285.2,5310.33
1584288000000,5313.45,5336.97,5250.9,5285.62
1584291600000,5282.54,5382.94,5278.38,5283.52
1584295200000,5286.76,5325.74,5266.22,5296.9
1584298800000,5300.77,5380.01,5285.2,5311.32
1584302400000,5324.4,5324.6,5173,5178.97
1584306000000,5180,5965.77,5180,5942.09
1584309600000,5942.04,5942.04,5280,5353.65
1584313200000,5350.55,5439.42,5311.43,5343.64
1584316800000,5353.04,5353.04,5181.07,5235.86
1584320400000,5236.1,5293.32,5209.86,5292.08
1584324000000,5277.54,5347.01,5276.03,5334.2
1584327600000,5326.87,5326.87,5240.57,5263.56
1584331200000,5264.64,5292.95,5221.99,5235.73
1584334800000,5234.31,5271.74,5135.25,5162.44
1584338400000,5156.94,5156.94,4900,5016.47
1584342000000,5020.87,5020.87,4780.12,4780.12
1584345600000,4785.8,4943.17,4776.59,4893.59
1584349200000,4893.52,4893.52,4797.8,4811.47
1584352800000,4818.87,4819.1,4440,4449.99
1584356400000,4461.34,4613.59,4435.89,4579.44
1584360000000,4577.8,4949.06,4549.06,4784.85
1584363600000,4763.14,4908.05,4500.66,4847.08
1584367200000,4838.8,5109.71,4764.76,4938.26
1584370800000,4935.16,5173.9,4923.97,5152.46
1584374400000,5150.96,5199.8,4964.57,5024.54
1584378000000,5019.64,5096.97,4998.77,5074.87
1584381600000,5074.8,5161,5031.2,5116.72
1584385200000,5127.01,5146.18,4841.32,4953.49
1584388800000,4946.09,5046.31,4830,4905
1584392400000,4905,4999,4863.39,4974.71
1584396000000,4979.01,5054.94,4862.32,4929.05
1584399600000,4929.16,5071.58,4909.34,5033.42
1584403200000,5051.41,5096.97,4936,5089
1584406800000,5095.24,5422.7,5068.37,5205.88
1584410400000,5204.37,5317.95,5161,5306.08
1584414000000,5317.97,5369.98,5250,5340.66
1584417600000,5328.93,5348.84,5225.83,5284.34
1584421200000,5285,5315,5257.33,5295.01
1584424800000,5296.44,5332.77,5244.33,5299.65
1584428400000,5305.7,5444,5285.9,5389.05
1584432000000,5380.8,5472.09,5278.29,5303.98
1584435600000,5310.81,5339,5191.95,5252.18
1584439200000,5245.74,5323.13,5232.77,5316.24
1584442800000,5316,5348.42,5242.76,5283.82
1584446400000,5287.77,5374.23,5192.63,5224.62
1584450000000,5227.99,5344.6,5096.97,5109.76
1584453600000,5112.66,5260,5072.62,5251.86
1584457200000,5240.89,5396.54,5225,5374.98
1584460800000,5380.92,5507.16,5333.4,5372.94
1584464400000,5372.94,5417.01,5315.11,5379.21
1584468000000,5380.21,5440.42,5361.27,5382.45
1584471600000,5389.36,5425,5331.27,5399.09
1584475200000,5404.2,5490,5347.71,5463.82
1584478800000,5473.2,5569.9,5386.47,5460.54
1584482400000,5453.64,5482.28,5396.69,5456.36
1584486000000,5448.63,5465.15,5323.71,5324.99
1584489600000,5340.95,5446.7,5291.48,5374.77
1584493200000,5370.36,5404,5350.74,5381.01
1584496800000,5384.9,5400,5333.57,5386.35
1584500400000,5383.83,5426.71,5379.07,5410.73
1584504000000,5417,5452.43,5383.7,5434.03
1584507600000,5437.8,5444.44,5265.13,5288.14
1584511200000,5285.76,5304.82,5200,5273.99
1584514800000,5281.02,5281.02,5122.48,5164.7
1584518400000,5158.75,5199.71,5088.1,5189.72
1584522000000,5184.39,5265.13,5122.48,5151
1584525600000,5148.77,5173.9,5016,5101.23
1584529200000,5095.76,5176.95,5091.1,5163.53
1584532800000,5158.91,5167.93,5084.26,5131.4
1584536400000,5135.44,5411.74,5025,5368.78
1584540000000,5363,5427.77,5296.29,5324.78
1584543600000,5326.1,5392.93,5240.01,5348
1584547200000,5348.04,5369.85,5166.9,5207.15
1584550800000,5204.82,5273.11,5006.87,5232.66
1584554400000,5241.65,5342.83,5217.94,5340.16
1584558000000,5336.04,5370,5310.62,5349.18
1584561600000,5349.18,5415,5329.76,5334.34
1584565200000,5340,5407.01,5334.51,5371.18
1584568800000,5381.69,5439.8,5278.9,5361.81
1584572400000,5360,5421.77,5345.6,5406.92
1584576000000,5413,5475,5345,5366.09
1584579600000,5364.55,5413.53,5360,5367.99
1584583200000,5365.15,5381.25,5275.89,5304.51
1584586800000,5303.77,5345.82,5266.38,5303.3
1584590400000,5297.92,5336.15,5297.89,5309.12
1584594000000,5313,5395,5304.06,5393.45
1584597600000,5384.62,5424.81,5373.39,5392.83
1584601200000,5390.32,5455.9,5379,5438.06
1584604800000,5432.9,5480,5400.53,5432.64
1584608400000,5428.01,5618.55,5414.47,5616.37
1584612000000,5616.34,5683.86,5566.97,5594.76
1584615600000,5595.39,5659.17,5571.58,5646.5
1584619200000,5657.53,5887,5633.39,5887
1584622800000,5881.89,5920,5741.16,5872.68
1584626400000,5878.87,5917.72,5782.74,5850.18
1584630000000,5849.4,5958.62,5840.1,5921.13
1584633600000,5929.58,6382.02,5838.37,6204.93
1584637200000,6192.9,6400,6176.9,6349.65
1584640800000,6349.65,6364.64,6141.73,6165
1584644400000,6151.7,6258.95,6100,6242.54
1584648000000,6234.07,6258.93,6175.31,6258.93
1584651600000,6258.83,6281.51,6206.61,6260.65
1584655200000,6264.69,6433.98,6243.94,6308.89
1584658800000,6296.02,6333.86,6154.72,6181.18
1584662400000,6192.94,6289.03,6189.78,6230.93
1584666000000,6236.44,6246.17,6059.51,6178.79
1584669600000,6176.95,6213.9,6147.34,6161.41
1584673200000,6160.08,6177.82,6120.68,6164.02
1584676800000,6166.85,6228.98,6123.25,6197.53
1584680400000,6213.03,6296.57,6193.1,6225.81
1584684000000,6229.76,6260.52,6189.05,6251.41
1584687600000,6245.16,6364.91,6222.54,6329.25
1584691200000,6334.63,6749.45,6325.36,6616.37
1584694800000,6616.37,6782.6,6582.27,6773.99
1584698400000,6781.39,7139,6680.96,6856.04
1584702000000,6865.45,6914.01,6527.24,6685.05
1584705600000,6685.05,6706.19,6550.77,6632.56
1584709200000,6624.3,6632.39,6444,6570.01
1584712800000,6569.99,6727.82,6550.01,6629.32
1584716400000,6632.42,6663.9,6558.63,6626.39
1584720000000,6637.76,6677.68,6335,6454.62
1584723600000,6448.1,6480.44,6349.66,6422.12
1584727200000,6424.36,6435.49,6162.7,6191.74
1584730800000,6203.23,6298.53,6176.9,6190
1584734400000,6188.64,6195.58,5670,5967.05
1584738000000,5975.53,6251.43,5923,6221.51
1584741600000,6218.52,6357.63,6059.51,6162.11
1584745200000,6158.98,6236.45,6081.35,6210.14
1584748800000,6207.66,6227.31,6062.65,6144.62
1584752400000,6142.31,6292.23,6130.97,6281.49
1584756000000,6287.24,6380.19,6234.25,6279.22
1584759600000,6282.76,6284.77,6158.63,6255.05
1584763200000,6261.05,6319.27,6142.27,6178.56
1584766800000,6178.43,6217.98,6088.65,6112.89
1584770400000,6116.39,6236.45,6044.99,6234
1584774000000,6230.62,6230.62,6095.95,6157.92
1584777600000,6160.3,6162.1,6034.01,6112.21
1584781200000,6112.21,6131.8,5880.68,5987.25
1584784800000,5975.93,6037.75,5951.48,5972.07
1584788400000,5970.92,6117.93,5866.44,6110.32
1584792000000,6111.86,6214.06,6093.51,6144.22
1584795600000,6143.45,6273.96,6132.91,6158.19
1584799200000,6169.7,6227.97,6117.93,6180.81
1584802800000,6184.32,6243.94,6150.01,6220
1584806400000,6235.77,6261.21,6119.24,6142.66
1584810000000,6147.2,6176.9,6050.4,6081.05
1584813600000,6095,6228.98,6064.54,6214.26
1584817200000,6221.51,6254.01,6197.78,6227.85
1584820800000,6231.96,6374.21,6184.32,6328.48
1584824400000,6340.09,6461.91,6117.93,6180.92
1584828000000,6180.94,6242.83,6088.65,6159.91
1584831600000,6164.64,6221.51,6147.34,6187.78
1584835200000,6199.17,6206.71,6112.27,6198.86
1584838800000,6198.48,6319.27,6176.03,6259.6
1584842400000,6271.19,6340.12,6266.44,6278.8
1584846000000,6273.96,6368.97,6254.52,6355.29
1584849600000,6365.09,6387.85,6291.22,6302.39
1584853200000,6313.78,6395.66,6313.78,6365.21
1584856800000,6371.44,6419,6296.57,6314.6
1584860400000,6321.7,6342.05,6275.91,6310.15
1584864000000,6296.87,6325.28,6214.06,6259.84
1584867600000,6257.33,6326.85,6215.08,6316.68
1584871200000,6317.24,6317.24,6176.95,6269.68
1584874800000,6268.42,6282.16,6132.62,6151.08
1584878400000,6148.99,6148.99,5930.1,6016.08
1584882000000,6016.06,6147,5973.07,6077.02
1584885600000,6070,6086.33,5992,6072.85
1584889200000,6068.8,6109.57,5958.62,6087.29
1584892800000,6092.4,6150,6020,6059.25
1584896400000,6058.83,6090.93,5975.02,6022.69
1584900000000,6027.29,6039.89,5866.44,5998.54
1584903600000,6004.11,6004.58,5903.91,5927.76
1584907200000,5925.69,5958.6,5786.93,5943.96
1584910800000,5940.1,6147.34,5931.64,6068.04
1584914400000,6053.66,6064.46,5845.37,5867.87
1584918000000,5879.37,5908.81,5705,5813.15
1584921600000,5816.57,5944.34,5686.34,5907.87
1584925200000,5902.01,5937.22,5845.81,5877.12
1584928800000,5876.8,5910,5834.04,5907.99
1584932400000,5907.4,5995.44,5886.06,5964.59
1584936000000,5954.72,5995,5880.53,5909.01
1584939600000,5905,5937.22,5866.44,5886.56
1584943200000,5882.61,5945,5877.6,5922.75
1584946800000,5925.9,5930.87,5852.39,5863.11
1584950400000,5866.04,5901.72,5773.74,5781.1
1584954000000,5782.54,5849.64,5748.05,5809.06
1584957600000,5805.82,5888,5799.09,5883.89
1584961200000,5875.7,5949.35,5831.37,5859.72
1584964800000,5866.61,6395.49,5863.43,6335.2
1584968400000,6339.21,6629.79,6154.72,6300.3
1584972000000,6300.31,6338.62,6204.32,6231.58
1584975600000,6229.49,6273.96,6165,6233.34
1584979200000,6239.02,6406,6236.55,6400
1584982800000,6406,6406,6277.14,6294.6
1584986400000,6290.84,6338.68,6243.94,6273.53
1584990000000,6270,6326.85,6254.03,6292.8
1584993600000,6292.84,6464.92,6277.72,6415.71
1584997200000,6407.96,6523.96,6351.43,6463.88
1585000800000,6473,6489.99,6372.54,6463.37
1585004400000,6472.62,6528.17,6433.98,6493.51
1585008000000,6494.7,6717.84,6494.7,6610.77
1585011600000,6613.8,6677.68,6535.07,6567.41
1585015200000,6557.64,6642.78,6547.71,6627.48
1585018800000,6633.01,6657.49,6544.19,6551.39
1585022400000,6549.09,6580.59,6400.01,6445.11
1585026000000,6447.17,6528.47,6426.19,6511.41
1585029600000,6500.74,6610.97,6481.59,6590.17
1585033200000,6592.5,6645.7,6542.91,6590.91
1585036800000,6587.82,6864.44,6587.82,6740.02
1585040400000,6740.04,6893,6686.01,6795
1585044000000,6792.03,6837.46,6701.75,6749.26
1585047600000,6745.17,6785.16,6655.2,6767.48
1585051200000,6756.8,6766.01,6574.38,6690.07
1585054800000,6685.28,6796.26,6655.66,6710.87
1585058400000,6716.32,6755,6627.24,6650.83
1585062000000,6651.11,6677.36,6495.32,6621.28
1585065600000,6620.62,6654.3,6542.49,6623.35
1585069200000,6630.07,6725,6617.78,6678.51
1585072800000,6681.14,6681.14,6582.38,6674.17
1585076400000,6672.45,6758.25,6613.93,6725.05
1585080000000,6725.05,6792.31,6707.81,6751.94
1585083600000,6755.61,6774.48,6645.72,6725.17
1585087200000,6714.13,6814,6700,6788.86
1585090800000,6789.97,6814,6737.4,6768.64
1585094400000,6768.64,6775.2,6633.79,6715.99
1585098000000,6714.83,6738.96,6613.28,6626.16
1585101600000,6620.14,6669.68,6550.77,6606
1585105200000,6605.43,6626.66,6535.07,6576.14
1585108800000,6551.68,6633.36,6545.16,6633.36
1585112400000,6625.04,6728.18,6622.81,6715.71
1585116000000,6725,6738.38,6669.69,6707.59
1585119600000,6704.65,6719.03,6644,6696.25
1585123200000,6697.07,6825,6656.15,6800
1585126800000,6800,6989.04,6784.8,6888
1585130400000,6900,6935,6548.97,6598.38
1585134000000,6611.01,6653.69,6457.17,6544.36
1585137600000,6539.42,6615,6520.77,6605.5
1585141200000,6608.62,6836.25,6582.62,6583.63
1585144800000,6589.85,6664,6535.03,6651.44
1585148400000,6649.33,6685.69,6610.01,6637.83
1585152000000,6634.3,6720.92,6622.46,6676.49
1585155600000,6675.81,6702.74,6648.79,6656.04
1585159200000,6657.11,6677.68,6583.48,6666.72
1585162800000,6667.85,6685.69,6612.16,6630.86
1585166400000,6634.38,6653.69,6585.78,6595.04
1585170000000,6596.63,6621.86,6563.96,6599.66
1585173600000,6607.51,6709.79,6607.51,6692.08
1585177200000,6699.67,6717.84,6653.7,6692.22
1585180800000,6695.47,6798.89,6691.89,6757.48
1585184400000,6753.68,6772.93,6686.91,6704.22
1585188000000,6710.01,6723.99,6669.68,6703.97
1585191600000,6700.87,6766.36,6684.25,6742.67
1585195200000,6740.97,6782.6,6694.78,6702.74
1585198800000,6698.17,6732,6629.8,6638.51
1585202400000,6637.22,6695,6592.09,6653.09
1585206000000,6644.1,6651.03,6570.35,6600.37
1585209600000,6600.98,6645,6580.71,6624.7
1585213200000,6624.67,6661.68,6612.47,6636.03
1585216800000,6629.42,6653.7,6595.72,6633.8
1585220400000,6628.33,6682.49,6597.8,6616.6
1585224000000,6623.42,6646.76,6583,6628.65
1585227600000,6639.22,6704.48,6528.07,6650.56
1585231200000,6640.66,6650,6595.49,6605.08
1585234800000,6605.7,6633.78,6577.06,6633.78
1585238400000,6631.89,6680,6609.04,6658.26
1585242000000,6662.62,6700,6629.8,6649.37
1585245600000,6650.42,6670.59,6644.7,6667.49
1585249200000,6665.54,6690,6654.27,6675.37
1585252800000,6673.51,6765.13,6671.71,6741.23
1585256400000,6751.77,6774.48,6717.84,6733.24
1585260000000,6742.55,6743.5,6688.3,6713.43
1585263600000,6714.82,6789.32,6710.65,6760.72
1585267200000,6765.15,6872.67,6765.15,6842.83
1585270800000,6842.85,6857.73,6783.44,6830
1585274400000,6823.8,6828.47,6774.31,6806.89
1585278000000,6806.79,6831.57,6799,6809.65
1585281600000,6816.99,6847.99,6747.9,6753.66
1585285200000,6751.95,6760.94,6629.8,6670.29
1585288800000,6670.29,6716.71,6650.2,6687.1
1585292400000,6688.53,6747.33,6688.53,6722.98
1585296000000,6721.13,6722.99,6688.37,6694.75
1585299600000,6694.76,6710.34,6661.68,6663.63
1585303200000,6661.68,6691.2,6605.99,6658.9
1585306800000,6661.1,6704.4,6629.8,6636.07
1585310400000,6636.07,6680.23,6590,6644.44
1585314000000,6645,6660.07,6582.27,6601.86
1585317600000,6600.87,6636.8,6592.01,6622.19
1585321200000,6628.57,6669.68,6618.47,6632.57
1585324800000,6635.18,6675.18,6598.07,6644.9
1585328400000,6651.21,6663.97,6613.92,6646.92
1585332000000,6646.77,6670,6628.07,6657.95
1585335600000,6654.42,6700.93,6646.34,6668.84
1585339200000,6663,6685.69,6643,6679.26
1585342800000,6685.69,6709.79,6663.1,6688.2
1585346400000,6683.05,6688.2,6654.22,6674.37
1585350000000,6668.67,6670.87,6210,6376.03
1585353600000,6376.03,6376.03,6201,6320.84
1585357200000,6307.08,6312.24,6254.46,6274.15
1585360800000,6280,6284.15,6236.45,6255.38
1585364400000,6255.38,6266.49,6074,6124.8
1585368000000,6120.74,6214.06,6096.91,6177.72
1585371600000,6174.9,6196.23,6150.62,6164.02
1585375200000,6168.78,6182.79,6129.01,6166.48
1585378800000,6165.2,6206.61,6165.19,6200.89
1585382400000,6195.84,6290,6177.74,6276.71
1585386000000,6276.65,6304.13,6249.43,6271.34
1585389600000,6267.73,6296.57,6223.55,6276.34
1585393200000,6281.49,6342.05,6236.45,6242.8
1585396800000,6249.06,6266.44,6221.51,6251
1585400400000,6245.93,6260.98,6180,6236.2
1585404000000,6239.26,6265,6232.2,6256.83
1585407600000,6258.39,6291.09,6225,6230.97
1585411200000,6228,6255.86,6206.61,6252.48
1585414800000,6249.44,6255.22,6030.51,6041.66
1585418400000,6041.61,6275.64,6035.4,6180
1585422000000,6191.36,6243.94,6185.72,6218.93
1585425600000,6228.1,6310.26,6228.1,6258.77
1585429200000,6261.26,6273.67,6180,6238.41
1585432800000,6230.11,6258.93,6191.74,6222.14
1585436400000,6227.1,6281.49,6192.35,6253.08
1585440000000,6275.11,6278.24,6205.02,6217.41
1585443600000,6226.4,6234.5,6199.17,6222.95
1585447200000,6224.25,6242,6208,6212.14
1585450800000,6211.09,6228.58,6191.74,6222.66
1585454400000,6214.05,6225.34,6195.06,6216.02
1585458000000,6216.02,6216.02,6153.06,6153.08
1585461600000,6151.37,6175.89,6134.21,6159.47
1585465200000,6159,6171.61,6113.86,6154.72
1585468800000,6152.77,6160.24,6087.93,6131.76
1585472400000,6134.21,6136.62,6081.75,6085.31
1585476000000,6089.28,6206.61,6085.93,6175.73
1585479600000,6175.54,6189.59,6132.62,6133.23
1585483200000,6132.62,6162.11,6070,6125.64
1585486800000,6131.2,6143.62,6103.27,6123.42
1585490400000,6124.76,6153.98,6110.55,6144.23
1585494000000,6147.37,6151.05,6118.17,6127.57
1585497600000,6135.89,6167.7,6058.6,6084.49
1585501200000,6086.01,6125,6063.1,6105.35
1585504800000,6106.77,6106.77,6061.5,6061.5
1585508400000,6061.51,6091.62,5881.31,5905.26
1585512000000,5904.88,5961.35,5869,5948.03
1585515600000,5944.26,5948.09,5894.65,5894.65
1585519200000,5894.65,5942.07,5873.48,5911.63
1585522800000,5918.26,5929.03,5870.06,5870.9
1585526400000,5878.47,5918.02,5856,5897.16
1585530000000,5897.43,5951.92,5889.01,5945.68
1585533600000,5942.74,6023.28,5941.46,5994.32
1585537200000,5989.62,6013.95,5982.5,6013.95
1585540800000,6013.95,6048.79,5997.87,6044.06
1585544400000,6049.2,6251.43,6049.2,6204.85
1585548000000,6215.41,6300,6182.19,6237.97
1585551600000,6234.4,6349.66,6234.4,6252.93
1585555200000,6258.84,6304.13,6258.84,6300.38
